Marital status,Application mode,Application order,Course,Daytime/evening attendance,Previous qualification,Nacionality,Mother's qualification,Father's qualification,Mother's occupation,Father's occupation,Displaced,Educational special needs,Debtor,Tuition fees up to date,Gender,Scholarship holder,Age at enrollment,International,Curricular units 1st sem (credited),Curricular units 1st sem (enrolled),Curricular units 1st sem (evaluations),Curricular units 1st sem (approved),Curricular units 1st sem (grade),Curricular units 1st sem (without evaluations),Curricular units 2nd sem (credited),Curricular units 2nd sem (enrolled),Curricular units 2nd sem (evaluations),Curricular units 2nd sem (approved),Curricular units 2nd sem (grade),Curricular units 2nd sem (without evaluations),Unemployment rate,Inflation rate,GDP,Target
1,9,1,10,1,1,1,13,28,6,9,1,0,0,1,0,0,18,0,0,6,10,1,12.0,0,0,6,14,2,11.0,0,10.8,1.4,1.74,Enrolled
1,1,1,16,1,1,1,13,14,8,8,1,0,0,1,0,0,18,0,0,7,7,6,11.666666666666666,0,0,7,8,6,13.5,0,16.2,0.3,-0.92,Enrolled
1,9,4,13,1,1,1,1,28,5,8,1,0,0,1,0,0,20,0,0,7,14,7,11.4375,0,0,8,9,8,11.425,0,12.7,3.7,-1.7,Enrolled
1,1,1,10,1,1,1,13,28,10,10,1,0,1,1,0,1,18,0,0,6,8,5,11.6,0,0,6,12,4,11.0,0,7.6,2.6,0.32,Enrolled
1,1,1,6,1,1,1,13,14,4,4,1,0,0,1,0,0,18,0,0,5,9,5,12.666666666666666,2,0,5,7,4,13.0,0,9.4,-0.8,-3.12,Enrolled
1,8,2,12,1,1,1,3,3,2,11,1,0,0,1,1,0,19,0,0,7,9,6,12.933333333333332,0,0,7,7,6,13.716666666666669,0,16.2,0.3,-0.92,Enrolled
1,15,1,4,1,14,1,4,5,5,3,0,0,0,1,1,0,21,0,0,6,15,5,11.857142857142858,0,0,6,17,5,10.571428571428571,0,16.2,0.3,-0.92,Enrolled
1,1,1,9,1,1,1,1,1,5,7,0,0,0,0,1,0,18,0,0,5,9,3,11.333333333333334,0,0,5,8,2,13.5,0,8.9,1.4,3.51,Enrolled
1,8,1,17,0,1,1,23,28,5,6,0,0,0,1,0,0,24,0,0,5,9,2,11.5,0,0,5,11,3,14.333333333333334,1,7.6,2.6,0.32,Enrolled
1,1,1,12,1,1,1,22,28,7,7,1,0,0,1,0,1,19,0,0,8,10,6,11.833333333333334,0,0,8,10,6,11.833333333333334,0,9.4,-0.8,-3.12,Enrolled
1,1,1,15,1,1,1,1,14,8,8,1,0,0,1,0,1,20,0,0,6,11,4,14.0,0,0,6,12,3,11.0,0,9.4,-0.8,-3.12,Enrolled
1,1,3,2,1,1,1,23,27,5,10,1,0,0,1,0,0,18,0,0,0,0,0,0.0,0,0,0,0,0,0.0,0,7.6,2.6,0.32,Enrolled
1,8,3,2,1,1,1,1,27,5,8,1,0,0,1,1,1,19,0,0,0,0,0,0.0,0,0,0,0,0,0.0,0,10.8,1.4,1.74,Enrolled
1,8,1,5,1,1,1,1,1,4,5,1,0,0,1,1,0,19,0,0,6,6,5,11.4,0,0,6,8,1,10.0,0,10.8,1.4,1.74,Enrolled
1,14,1,5,1,1,1,1,1,4,4,0,0,0,1,1,0,24,0,0,6,6,0,0.0,0,0,6,6,0,0.0,0,12.7,3.7,-1.7,Enrolled
1,12,1,11,1,1,1,13,27,8,11,0,0,0,1,1,0,26,0,0,6,7,6,12.0,0,0,6,8,5,10.8,0,12.7,3.7,-1.7,Enrolled
1,8,1,9,1,1,1,23,27,6,6,0,0,0,1,1,0,18,0,0,5,9,0,0.0,0,0,5,5,0,0.0,0,7.6,2.6,0.32,Enrolled
1,8,1,11,1,1,1,13,14,5,5,0,0,0,1,1,0,18,0,0,5,6,5,12.0,0,0,5,8,3,11.333333333333334,0,12.7,3.7,-1.7,Enrolled
1,1,6,9,1,1,1,23,27,10,10,1,0,0,1,1,0,23,0,0,5,6,4,14.0,0,0,5,5,5,13.8,0,11.1,0.6,2.02,Enrolled
1,14,2,7,1,1,1,23,14,10,7,1,0,1,1,1,0,18,0,0,5,9,2,10.0,0,0,5,9,0,0.0,0,15.5,2.8,-4.06,Enrolled
1,6,1,7,1,1,12,23,3,10,3,1,0,0,1,1,0,19,1,0,5,9,5,14.0,0,0,5,11,3,13.25,0,13.9,-0.3,0.79,Enrolled
1,1,1,6,1,1,1,1,2,10,2,1,0,0,1,0,0,19,0,0,5,7,5,14.2,2,0,5,7,5,13.8,0,12.7,3.7,-1.7,Enrolled
1,8,2,16,1,1,1,13,1,10,4,1,0,0,1,0,0,20,0,0,7,12,6,11.666666666666666,0,0,7,10,3,13.0,0,16.2,0.3,-0.92,Enrolled
1,8,2,9,1,1,1,1,28,5,8,1,0,0,1,0,1,18,0,0,5,9,3,13.0,0,0,5,11,3,11.0,0,8.9,1.4,3.51,Enrolled
1,14,1,12,1,1,1,23,28,10,6,0,0,0,1,0,0,20,0,0,7,11,6,11.616666666666667,0,0,7,7,7,13.0,0,13.9,-0.3,0.79,Enrolled
1,8,1,10,1,1,1,13,27,10,8,1,0,0,1,0,1,20,0,0,6,13,2,10.0,0,0,6,12,4,10.75,0,7.6,2.6,0.32,Enrolled
1,8,1,9,1,1,1,13,14,4,4,0,0,0,1,0,0,20,0,0,5,11,3,10.333333333333334,0,0,5,10,3,10.666666666666666,0,12.4,0.5,1.79,Enrolled
1,1,1,16,1,1,1,13,28,10,4,1,0,0,1,0,1,18,0,0,6,8,5,12.8,0,0,6,7,5,13.4,0,9.4,-0.8,-3.12,Enrolled
1,1,2,12,1,1,1,13,1,5,8,0,0,0,1,0,1,20,0,0,7,9,5,13.188,0,0,8,9,7,12.892857142857142,0,11.1,0.6,2.02,Enrolled
1,16,1,9,1,1,1,3,1,4,4,1,0,1,0,0,0,22,0,0,5,8,0,0.0,0,0,5,7,0,0.0,0,8.9,1.4,3.51,Enrolled
1,1,1,2,1,1,1,3,27,3,9,1,0,0,1,0,0,18,0,0,0,0,0,0.0,0,0,0,0,0,0.0,0,9.4,-0.8,-3.12,Enrolled
1,8,1,16,1,1,1,23,28,8,7,1,0,0,1,0,0,18,0,0,6,11,3,12.333333333333334,0,0,6,10,5,10.833333333333334,0,9.4,-0.8,-3.12,Enrolled
3,12,1,4,1,1,1,1,27,7,7,0,0,1,1,0,0,47,0,0,1,1,0,0.0,0,0,6,0,0,0.0,0,8.9,1.4,3.51,Enrolled
1,12,1,6,1,1,1,22,14,10,8,1,0,0,1,0,0,28,0,0,5,13,4,11.25,1,0,5,11,4,10.5,0,12.7,3.7,-1.7,Enrolled
1,1,1,14,1,1,1,22,27,10,10,1,0,0,1,0,1,18,0,0,5,6,3,11.666666666666666,0,0,5,6,4,13.5,0,7.6,2.6,0.32,Enrolled
1,15,1,17,0,14,1,22,14,10,9,0,0,0,1,0,1,26,0,2,6,7,6,12.666666666666666,0,2,6,7,6,13.166666666666666,1,9.4,-0.8,-3.12,Enrolled
1,14,1,10,1,1,1,1,27,6,10,0,0,1,0,0,0,21,0,5,10,18,8,11.5,0,0,6,12,4,10.0,0,9.4,-0.8,-3.12,Enrolled
1,1,1,3,0,1,1,1,27,8,4,0,0,0,1,0,0,23,0,0,6,13,2,10.0,0,0,5,12,1,10.0,0,9.4,-0.8,-3.12,Enrolled
1,12,1,12,1,1,1,1,3,28,19,0,0,0,1,0,0,35,0,0,3,4,3,11.816666666666668,0,0,3,3,3,11.333333333333334,0,11.1,0.6,2.02,Enrolled
1,12,1,13,1,15,1,1,1,5,6,0,0,0,1,0,0,25,0,0,7,10,6,12.125,0,0,8,9,8,13.3125,0,15.5,2.8,-4.06,Enrolled
1,1,3,12,1,1,1,3,1,5,5,1,0,0,1,0,0,19,0,0,7,10,6,12.471428571428572,0,0,7,8,7,11.4625,0,12.4,0.5,1.79,Enrolled
1,7,1,2,1,1,1,3,3,4,4,1,0,0,1,0,0,24,0,11,17,19,11,12.909090909090908,0,9,13,15,9,13.555555555555555,0,12.4,0.5,1.79,Enrolled
1,1,3,5,1,1,1,13,28,10,10,1,0,0,1,0,0,19,0,0,6,7,5,12.4,0,0,6,6,5,12.4,0,9.4,-0.8,-3.12,Enrolled
1,1,1,15,1,1,1,22,27,10,9,1,0,0,1,0,0,18,0,0,6,12,1,11.0,0,0,6,12,0,0.0,0,9.4,-0.8,-3.12,Enrolled
1,8,3,5,1,1,1,22,27,10,10,0,0,0,1,0,0,18,0,0,6,6,6,11.833333333333334,0,0,6,6,6,12.5,0,7.6,2.6,0.32,Enrolled
1,1,1,12,1,1,1,13,14,6,7,0,0,0,1,0,1,18,0,0,7,7,7,13.79714285714286,0,0,8,8,8,13.775,0,12.4,0.5,1.79,Enrolled
1,8,1,5,1,1,1,4,27,3,10,0,0,0,1,0,0,18,0,0,6,8,6,12.5,0,0,6,6,6,12.333333333333334,0,15.5,2.8,-4.06,Enrolled
1,15,1,4,1,14,1,22,27,10,5,0,0,0,1,0,0,24,0,0,6,10,6,11.428571428571429,0,0,6,12,5,13.0,0,12.4,0.5,1.79,Enrolled
1,1,1,14,1,1,1,1,14,5,11,1,0,0,1,0,0,19,0,0,6,8,4,11.0,0,0,6,9,4,11.0,0,10.8,1.4,1.74,Enrolled
1,8,1,12,1,1,1,23,28,8,8,0,0,0,1,0,0,20,0,0,7,11,6,11.757142857142856,0,0,8,12,6,13.083333333333334,0,15.5,2.8,-4.06,Enrolled
1,3,3,6,1,1,1,1,14,8,6,1,0,0,1,0,0,19,0,0,5,9,3,10.333333333333334,1,0,5,8,3,13.0,0,7.6,2.6,0.32,Enrolled
1,1,1,16,1,1,1,2,14,5,5,1,0,0,1,0,0,18,0,0,6,9,5,12.6,0,0,6,8,5,11.4,0,9.4,-0.8,-3.12,Enrolled
1,1,1,6,1,1,1,13,28,10,6,1,0,0,1,0,0,18,0,0,5,11,5,14.0,3,0,5,7,5,11.6,0,9.4,-0.8,-3.12,Enrolled
1,1,1,16,1,1,1,1,28,10,7,1,0,0,1,0,0,18,0,0,7,12,5,12.0,0,0,7,9,6,12.666666666666666,0,11.1,0.6,2.02,Enrolled
1,1,1,6,1,1,1,1,2,4,2,1,0,0,1,0,0,19,0,0,5,13,4,12.0,2,0,5,8,3,12.0,0,9.4,-0.8,-3.12,Enrolled
1,13,1,9,1,1,1,22,28,10,2,1,0,0,1,0,0,26,0,3,5,5,4,13.0,0,1,5,7,2,12.0,0,9.4,-0.8,-3.12,Enrolled
1,14,1,10,1,1,1,22,27,10,10,0,0,0,1,0,0,36,0,10,16,24,13,10.692307692307692,1,9,13,19,9,12.307692307692308,0,15.5,2.8,-4.06,Enrolled
1,1,2,3,0,1,1,3,1,4,10,0,0,0,1,0,0,20,0,0,6,10,5,12.0,0,0,6,9,4,11.25,0,9.4,-0.8,-3.12,Enrolled
1,12,1,4,1,1,1,22,27,4,9,0,0,1,1,0,1,30,0,0,6,6,0,0.0,0,0,6,6,0,0.0,0,11.1,0.6,2.02,Enrolled
1,8,4,9,1,1,1,13,28,10,11,1,0,0,1,0,0,20,0,0,5,10,3,10.333333333333334,0,0,5,9,4,11.0,2,16.2,0.3,-0.92,Enrolled
1,1,4,12,1,1,1,1,1,10,2,1,0,0,1,0,0,19,0,0,7,8,5,13.98,0,0,7,8,5,13.98,0,7.6,2.6,0.32,Enrolled
1,8,1,6,1,1,1,13,27,3,8,0,0,0,1,0,0,19,0,0,5,8,1,11.0,0,0,5,6,5,11.2,0,7.6,2.6,0.32,Enrolled
4,12,1,17,0,1,1,23,14,10,8,0,0,0,1,0,1,31,0,0,5,11,4,11.25,0,0,5,10,4,10.833333333333334,0,13.9,-0.3,0.79,Enrolled
2,16,1,3,0,12,1,22,27,10,10,0,0,1,1,0,0,42,0,5,11,14,10,11.9,0,5,11,14,10,12.8,0,11.1,0.6,2.02,Enrolled
1,8,1,16,1,1,1,3,3,4,4,1,0,0,0,0,1,18,0,0,7,7,7,12.285714285714286,0,0,7,8,6,13.333333333333334,0,8.9,1.4,3.51,Enrolled
1,15,1,6,1,14,1,22,28,6,7,1,0,0,1,0,0,21,0,2,6,16,5,12.666666666666666,0,1,6,15,2,13.5,0,16.2,0.3,-0.92,Enrolled
1,14,1,12,1,1,1,13,27,9,9,0,0,0,1,0,0,20,0,0,7,8,6,13.25,0,0,8,8,8,13.75,0,13.9,-0.3,0.79,Enrolled
1,1,1,10,1,1,1,23,28,6,8,0,0,0,1,0,0,19,0,0,6,13,3,10.333333333333334,0,0,6,12,3,10.333333333333334,0,7.6,2.6,0.32,Enrolled
1,8,1,16,1,1,1,1,14,5,6,1,0,0,1,0,0,22,0,0,6,10,5,13.166666666666666,0,0,6,8,5,12.4,0,15.5,2.8,-4.06,Enrolled
1,15,1,6,1,14,1,4,28,5,6,1,0,0,1,0,0,21,0,0,6,11,4,12.75,0,0,6,19,1,11.0,0,12.4,0.5,1.79,Enrolled
1,12,1,12,1,1,1,1,14,6,4,0,1,0,1,0,0,26,0,0,7,11,5,11.2,0,0,8,13,5,12.14,0,16.2,0.3,-0.92,Enrolled
1,8,4,5,1,1,1,1,3,4,4,0,0,0,1,0,1,18,0,0,6,9,5,11.6,0,0,6,8,4,11.2,0,8.9,1.4,3.51,Enrolled
1,8,1,11,1,1,1,22,27,8,8,1,0,0,1,0,0,20,0,0,6,13,3,10.333333333333334,0,0,6,12,3,10.333333333333334,0,10.8,1.4,1.74,Enrolled
1,1,1,15,1,1,1,23,27,10,10,1,1,0,1,0,0,19,0,0,6,11,4,12.25,0,0,6,11,3,11.0,0,7.6,2.6,0.32,Enrolled
1,1,1,11,1,1,1,13,28,10,10,0,0,0,1,0,0,19,0,0,6,6,6,12.0,0,0,6,7,4,12.75,0,12.4,0.5,1.79,Enrolled
1,8,1,9,1,1,1,23,2,10,3,1,0,0,1,0,0,20,0,0,5,8,3,11.333333333333334,0,0,5,12,2,10.666666666666666,0,10.8,1.4,1.74,Enrolled
1,8,1,11,1,1,1,13,14,6,6,0,0,0,1,0,1,20,0,0,6,10,4,11.25,0,0,6,6,6,10.5,0,12.4,0.5,1.79,Enrolled
1,14,1,13,1,1,1,3,4,4,3,0,0,0,1,0,0,18,0,0,2,2,0,0.0,0,0,4,4,1,16.0,0,10.8,1.4,1.74,Enrolled
1,14,1,8,1,1,1,13,28,5,6,1,0,1,1,0,0,18,0,0,5,11,1,12.0,0,0,5,9,3,12.0,0,12.7,3.7,-1.7,Enrolled
1,1,3,11,1,1,1,13,28,4,11,1,0,0,1,0,1,20,0,0,6,8,5,12.8,0,0,6,9,5,12.8,0,12.4,0.5,1.79,Enrolled
1,1,3,9,1,1,1,13,28,10,8,1,0,0,1,0,0,19,0,0,5,5,5,11.8,0,0,5,8,4,11.25,0,9.4,-0.8,-3.12,Enrolled
1,8,1,10,1,1,1,1,1,5,10,0,0,0,1,0,0,20,0,0,6,11,5,10.6,0,0,6,11,4,10.4,0,15.5,2.8,-4.06,Enrolled
1,1,1,16,1,1,1,1,28,6,11,1,0,0,1,0,0,20,0,0,6,9,5,14.333333333333334,0,4,8,8,8,12.625,0,15.5,2.8,-4.06,Enrolled
1,8,1,10,1,1,1,23,14,29,39,1,0,0,1,0,1,21,0,0,6,8,5,13.2,0,0,6,7,5,11.8,0,8.9,1.4,3.51,Enrolled
1,15,1,6,1,14,1,23,28,10,8,0,0,0,1,0,0,20,0,2,6,9,6,12.666666666666666,0,1,6,12,2,13.0,0,13.9,-0.3,0.79,Enrolled
1,1,1,6,1,1,1,22,27,10,5,1,0,1,1,0,0,22,0,0,6,9,5,13.333333333333334,0,0,6,17,4,11.4,0,12.4,0.5,1.79,Enrolled
1,1,1,16,1,1,1,3,1,3,6,1,1,0,1,0,0,18,0,0,7,10,6,10.666666666666666,0,0,7,12,6,12.833333333333334,0,13.9,-0.3,0.79,Enrolled
1,8,3,6,1,1,1,22,28,10,10,1,0,0,1,0,0,20,0,0,5,13,3,11.333333333333334,2,0,5,8,5,12.6,0,9.4,-0.8,-3.12,Enrolled
1,1,1,5,1,1,1,1,1,5,5,0,0,0,0,0,0,18,0,1,6,10,5,12.2,1,0,6,11,4,10.833333333333334,0,13.9,-0.3,0.79,Enrolled
1,12,1,12,1,12,1,22,28,23,34,0,0,0,1,0,0,27,0,0,7,12,4,14.0,0,0,7,14,3,12.525,0,12.4,0.5,1.79,Enrolled
1,12,1,1,1,1,1,3,1,3,5,0,0,0,1,0,0,26,0,0,7,9,7,14.75,0,0,7,12,5,13.8,3,16.2,0.3,-0.92,Enrolled
1,1,2,5,1,1,1,4,1,3,4,1,0,0,1,0,0,18,0,0,6,8,4,10.75,0,0,6,9,0,0.0,0,9.4,-0.8,-3.12,Enrolled
1,12,1,7,1,12,1,13,14,6,4,1,0,0,1,1,0,24,0,0,5,9,1,12.0,0,0,5,6,3,10.5,0,10.8,1.4,1.74,Enrolled
1,8,1,9,1,1,1,22,27,5,8,0,0,0,1,1,1,19,0,0,5,12,3,11.666666666666666,0,0,5,10,3,11.666666666666666,0,12.7,3.7,-1.7,Enrolled
1,1,1,9,1,1,1,13,14,6,8,0,0,0,1,1,0,20,0,0,5,8,5,10.0,0,0,5,10,2,12.0,0,7.6,2.6,0.32,Enrolled
1,8,2,7,1,1,1,13,1,10,11,1,0,0,1,1,1,18,0,0,5,6,5,13.2,0,0,5,8,5,12.6,0,8.9,1.4,3.51,Enrolled
1,1,2,9,1,1,1,13,1,6,11,0,0,0,1,1,0,20,0,0,5,9,4,10.2,0,0,5,6,3,11.0,0,15.5,2.8,-4.06,Enrolled
1,12,1,7,1,15,1,1,1,6,11,0,0,0,1,1,0,25,0,2,5,6,5,14.2,0,1,5,5,2,13.5,0,16.2,0.3,-0.92,Enrolled
1,1,1,14,1,1,1,23,14,6,7,0,0,1,1,1,0,22,0,0,6,8,6,12.625,0,0,6,11,2,14.5,0,11.1,0.6,2.02,Enrolled
1,1,1,12,1,1,1,22,27,10,10,0,0,0,1,1,0,18,0,0,8,11,6,13.496666666666668,1,0,8,11,6,13.496666666666668,1,9.4,-0.8,-3.12,Enrolled
1,8,1,9,1,1,1,13,1,8,5,1,0,0,1,1,0,20,0,0,5,8,3,11.0,0,0,5,11,3,12.0,0,10.8,1.4,1.74,Enrolled
1,15,1,11,1,14,1,24,29,32,44,1,0,1,1,1,0,23,0,0,6,12,3,11.5,0,0,6,12,3,10.666666666666666,0,8.9,1.4,3.51,Enrolled
1,1,1,8,1,1,1,1,1,4,4,1,0,0,1,1,0,20,0,0,5,14,2,11.0,3,0,5,9,3,12.666666666666666,0,9.4,-0.8,-3.12,Enrolled
1,1,6,9,1,1,1,3,14,5,6,0,0,0,1,1,0,20,0,0,5,14,3,12.4,0,0,5,8,5,10.833333333333334,0,13.9,-0.3,0.79,Enrolled
1,12,2,17,0,1,1,13,27,10,9,1,0,0,1,0,1,28,0,0,5,7,5,10.6,0,0,5,6,5,10.2,0,9.4,-0.8,-3.12,Enrolled
1,8,1,14,1,1,1,1,14,9,8,1,0,0,1,0,0,19,0,0,6,6,6,14.833333333333334,0,0,6,8,6,13.285714285714286,0,8.9,1.4,3.51,Enrolled
1,1,1,12,1,1,1,3,14,3,9,0,0,0,1,0,0,19,0,0,7,12,4,12.45,0,0,7,11,5,11.7,0,16.2,0.3,-0.92,Enrolled
1,8,1,14,1,1,1,1,14,5,9,1,0,0,1,0,0,20,0,0,6,8,5,13.4,0,0,6,10,4,13.0,0,12.7,3.7,-1.7,Enrolled
1,8,1,4,1,1,1,22,27,5,7,0,0,1,1,0,0,20,0,0,6,8,6,13.333333333333334,0,0,6,8,5,14.0,0,11.1,0.6,2.02,Enrolled
1,14,3,12,1,1,1,23,27,7,6,1,0,0,1,0,1,18,0,0,7,8,5,11.98,0,0,7,8,5,11.98,0,7.6,2.6,0.32,Enrolled
1,8,3,9,1,1,1,1,14,6,8,0,0,0,1,0,0,20,0,0,5,11,4,11.0,0,0,5,7,5,13.2,0,12.4,0.5,1.79,Enrolled
1,15,1,6,1,14,1,3,1,3,4,1,0,0,1,0,0,19,0,0,6,10,5,12.666666666666666,0,0,6,19,4,11.75,0,12.4,0.5,1.79,Enrolled
1,1,2,16,1,1,1,1,28,5,10,1,0,0,1,0,0,19,0,0,6,9,5,12.2,0,0,6,10,4,13.0,0,9.4,-0.8,-3.12,Enrolled
1,12,1,17,0,1,1,23,1,10,5,0,0,0,1,0,0,27,0,0,5,9,3,10.666666666666666,0,0,5,7,4,11.4,0,10.8,1.4,1.74,Enrolled
1,1,6,9,1,1,1,22,27,10,10,0,0,0,1,0,0,18,0,0,5,9,3,11.666666666666666,0,0,5,15,2,11.0,0,7.6,2.6,0.32,Enrolled
1,1,1,9,1,1,1,22,28,5,10,1,0,0,1,0,0,18,0,0,5,8,2,10.5,0,0,5,7,3,12.333333333333334,0,7.6,2.6,0.32,Enrolled
1,1,3,12,1,1,1,22,28,8,8,1,0,0,1,0,0,18,0,0,8,8,8,14.26875,0,0,8,8,8,14.26875,0,9.4,-0.8,-3.12,Enrolled
1,1,1,9,1,1,1,13,27,10,10,1,0,0,1,0,1,19,0,0,5,8,2,10.5,0,0,5,11,3,13.333333333333334,0,7.6,2.6,0.32,Enrolled
1,1,1,10,1,1,1,22,1,4,6,0,0,0,1,0,0,21,0,0,6,11,5,11.2,0,0,6,15,1,10.0,0,7.6,2.6,0.32,Enrolled
1,17,1,6,1,16,1,1,1,6,6,1,0,0,0,0,0,23,0,7,12,19,9,13.666666666666666,0,4,9,15,6,13.5,0,8.9,1.4,3.51,Enrolled
1,1,4,10,1,1,1,13,28,10,7,1,0,1,1,0,1,19,0,0,6,9,5,11.4,0,0,6,9,3,10.0,0,8.9,1.4,3.51,Enrolled
1,1,1,10,1,1,1,22,14,6,11,0,0,1,1,0,0,18,0,0,6,10,5,10.6,0,0,6,14,2,10.0,0,7.6,2.6,0.32,Enrolled
1,1,1,12,1,1,1,13,14,32,44,1,0,0,1,0,0,19,0,0,7,12,5,11.8,0,0,7,9,6,11.708333333333334,0,11.1,0.6,2.02,Enrolled
1,1,1,16,1,1,1,22,14,8,8,1,0,0,1,0,0,18,0,0,6,9,5,11.833333333333334,0,0,6,6,4,12.0,0,15.5,2.8,-4.06,Enrolled
1,1,1,11,1,1,1,13,14,10,4,0,0,0,1,1,0,21,0,0,6,8,6,12.571428571428571,0,0,6,10,4,13.0,0,12.7,3.7,-1.7,Enrolled
1,1,1,11,1,1,1,3,1,3,2,0,0,0,1,1,0,20,0,0,6,12,3,10.0,0,0,6,9,5,10.8,0,15.5,2.8,-4.06,Enrolled
1,15,1,6,1,14,1,2,2,7,7,0,0,0,0,1,0,20,0,2,6,10,5,13.2,0,1,6,21,3,12.0,0,12.4,0.5,1.79,Enrolled
2,13,1,17,0,6,1,22,27,10,10,0,0,0,1,1,0,37,0,0,5,10,5,15.8,0,0,5,5,5,17.6,0,9.4,-0.8,-3.12,Enrolled
1,14,1,14,1,1,1,23,1,9,11,1,0,0,1,1,0,18,0,0,6,16,5,13.8,0,0,6,7,5,12.4,0,13.9,-0.3,0.79,Enrolled
1,1,1,11,1,1,1,13,1,4,8,0,0,0,1,1,0,23,0,0,6,10,6,13.0,0,0,6,9,6,12.0,0,11.1,0.6,2.02,Enrolled
1,14,1,14,1,1,1,3,2,3,3,1,0,0,1,1,0,18,0,0,6,13,4,13.75,0,0,6,8,5,11.2,0,13.9,-0.3,0.79,Enrolled
1,14,1,15,1,1,1,3,27,4,8,0,0,0,1,1,0,32,0,6,11,15,7,11.285714285714286,0,5,7,10,6,12.333333333333334,0,13.9,-0.3,0.79,Enrolled
1,1,1,2,1,1,1,1,3,4,8,1,0,1,1,1,0,19,0,6,12,13,11,12.0,0,4,11,15,10,11.181818181818182,0,8.9,1.4,3.51,Enrolled
1,3,1,2,1,1,1,3,14,2,11,1,0,0,1,1,0,20,0,0,0,0,0,0.0,0,0,0,0,0,0.0,0,16.2,0.3,-0.92,Enrolled
1,6,1,9,1,1,8,1,3,30,4,0,0,1,1,1,0,40,1,0,5,10,1,11.0,0,0,5,10,1,10.0,0,11.1,0.6,2.02,Enrolled
1,1,4,9,1,1,1,23,28,6,11,0,0,0,1,1,0,20,0,0,5,8,5,10.2,0,0,5,7,5,11.2,0,12.4,0.5,1.79,Enrolled
1,15,1,8,1,14,1,1,1,5,5,1,0,0,1,0,0,20,0,0,5,7,4,12.0,1,0,5,6,4,12.4,0,10.8,1.4,1.74,Enrolled
1,1,3,12,1,1,1,1,14,5,10,1,0,0,1,0,0,19,0,0,7,9,6,13.411428571428573,0,0,8,12,7,13.294444444444444,0,15.5,2.8,-4.06,Enrolled
1,1,1,6,1,1,1,3,1,3,9,1,0,0,1,0,0,19,0,0,6,13,4,11.8,0,0,6,18,4,12.2,0,12.4,0.5,1.79,Enrolled
1,8,1,16,1,1,1,3,3,18,24,0,0,0,1,0,0,20,0,0,7,9,6,11.833333333333334,0,0,7,7,6,14.333333333333334,0,11.1,0.6,2.02,Enrolled
1,1,3,12,1,1,1,3,3,2,4,1,0,0,1,0,0,18,0,0,8,9,6,13.345,2,0,8,9,6,13.345,2,9.4,-0.8,-3.12,Enrolled
1,1,1,16,1,1,1,3,1,4,8,1,0,0,1,0,0,18,0,0,6,7,6,12.166666666666666,0,0,6,10,4,12.75,0,10.8,1.4,1.74,Enrolled
1,17,1,5,1,16,1,25,14,4,6,1,0,0,0,0,1,22,0,0,6,8,6,11.0,0,0,6,10,4,12.0,0,8.9,1.4,3.51,Enrolled
1,8,2,9,1,1,1,13,1,10,4,1,0,1,1,0,0,20,0,0,5,10,2,11.5,0,0,5,8,3,10.0,0,11.1,0.6,2.02,Enrolled
1,1,1,8,1,1,1,3,3,3,11,0,0,1,0,0,0,23,0,0,6,10,6,14.0,0,0,6,11,4,13.0,0,11.1,0.6,2.02,Enrolled
1,1,5,5,1,1,1,3,1,10,4,1,0,0,1,0,0,20,0,0,6,6,6,11.166666666666666,0,0,6,9,6,11.5,0,12.4,0.5,1.79,Enrolled
1,16,1,9,1,1,1,1,1,5,5,0,0,0,1,0,0,21,0,0,5,9,5,12.8,0,0,5,11,3,12.666666666666666,0,11.1,0.6,2.02,Enrolled
1,8,1,5,1,1,1,1,27,5,6,0,0,0,1,0,0,20,0,0,6,6,6,12.5,0,0,6,8,6,11.5,0,10.8,1.4,1.74,Enrolled
1,8,2,12,1,1,1,13,27,4,6,1,0,0,0,0,1,20,0,0,7,7,7,13.462857142857144,0,0,8,10,7,13.164285714285716,0,11.1,0.6,2.02,Enrolled
1,1,1,6,1,1,3,1,14,5,8,1,0,0,1,0,0,20,1,0,7,9,6,14.714285714285714,0,1,7,16,6,13.2,0,12.4,0.5,1.79,Enrolled
1,14,1,8,1,1,3,1,3,10,3,0,0,1,1,0,0,21,1,2,5,9,5,13.2,2,0,5,7,2,12.5,2,10.8,1.4,1.74,Enrolled
1,1,3,7,1,1,1,3,1,4,5,1,0,0,1,1,0,18,0,0,5,9,4,12.0,0,0,5,10,2,11.0,0,8.9,1.4,3.51,Enrolled
1,16,1,13,1,1,1,1,27,24,44,1,0,0,1,1,0,23,0,0,7,11,5,12.414285714285713,0,0,7,13,2,13.5,0,8.9,1.4,3.51,Enrolled
1,8,1,9,1,1,1,3,1,4,5,0,0,0,0,1,0,22,0,0,5,10,4,11.5,0,0,5,11,4,14.0,0,8.9,1.4,3.51,Enrolled
1,1,1,6,1,1,1,1,1,3,6,1,0,0,1,0,0,18,0,0,5,9,4,14.25,0,0,5,8,5,12.714285714285714,0,10.8,1.4,1.74,Enrolled
1,3,2,16,1,1,1,13,14,5,6,1,0,0,1,0,0,22,0,0,6,10,5,12.6,0,0,6,9,4,11.25,0,12.7,3.7,-1.7,Enrolled
1,8,4,7,1,1,1,13,14,6,6,1,0,1,0,1,0,18,0,0,5,12,0,0.0,0,0,5,8,0,0.0,0,9.4,-0.8,-3.12,Enrolled
1,1,1,13,1,1,1,1,1,2,2,0,0,0,1,1,1,21,0,0,7,14,5,11.2,0,0,8,11,6,11.583333333333334,0,16.2,0.3,-0.92,Enrolled
1,1,1,11,1,1,1,23,14,10,6,1,0,0,1,0,0,21,0,0,6,10,6,10.833333333333334,0,0,6,10,4,11.0,0,7.6,2.6,0.32,Enrolled
1,8,5,10,1,1,1,13,1,6,6,1,0,0,1,0,0,20,0,0,6,8,4,11.25,0,0,6,15,3,10.0,0,9.4,-0.8,-3.12,Enrolled
4,12,1,17,0,1,1,22,27,10,10,0,0,0,1,0,0,37,0,0,5,14,2,10.0,0,0,5,7,3,11.333333333333334,0,12.7,3.7,-1.7,Enrolled
2,12,1,3,0,1,1,22,27,7,9,0,0,1,1,0,0,37,0,3,8,12,7,11.375,0,2,7,10,6,12.166666666666666,0,13.9,-0.3,0.79,Enrolled
1,12,1,6,1,1,1,22,14,29,35,1,0,1,1,0,0,28,0,0,6,17,0,0.0,0,0,6,6,0,0.0,0,8.9,1.4,3.51,Enrolled
1,1,5,9,1,1,1,22,28,8,8,1,0,0,1,0,0,18,0,0,5,9,1,11.0,0,0,5,9,2,12.5,0,7.6,2.6,0.32,Enrolled
1,12,1,12,1,1,1,3,1,3,6,1,0,0,1,0,0,34,0,0,8,11,7,11.705714285714285,0,0,8,11,7,11.705714285714285,0,10.8,1.4,1.74,Enrolled
1,15,1,17,0,14,1,22,27,7,7,0,0,0,1,0,0,31,0,2,6,8,6,12.0,0,2,7,8,7,13.428571428571429,0,9.4,-0.8,-3.12,Enrolled
1,1,1,15,1,1,1,13,28,5,11,1,0,0,1,0,0,18,0,0,6,7,6,12.666666666666666,0,0,6,8,4,12.25,0,7.6,2.6,0.32,Enrolled
2,12,1,10,1,12,1,22,27,10,10,1,0,0,1,0,0,31,0,0,6,11,0,0.0,0,0,5,10,0,0.0,0,9.4,-0.8,-3.12,Enrolled
1,1,2,7,1,1,1,23,28,6,6,0,0,0,1,1,0,18,0,0,5,9,2,11.666666666666666,0,0,5,9,2,12.5,2,7.6,2.6,0.32,Enrolled
1,12,1,7,1,1,1,1,28,4,6,0,0,0,1,1,0,24,0,0,5,6,3,10.666666666666666,0,0,5,9,2,10.5,0,15.5,2.8,-4.06,Enrolled
1,8,3,7,1,1,1,1,14,10,4,1,0,1,0,1,0,18,0,0,5,10,3,12.0,0,0,5,8,3,10.333333333333334,0,8.9,1.4,3.51,Enrolled
2,12,1,17,0,1,1,13,14,5,5,0,0,0,1,1,1,41,0,0,5,9,4,11.0,0,0,5,6,5,11.4,0,8.9,1.4,3.51,Enrolled
2,12,1,17,0,1,1,23,28,10,4,0,0,0,1,1,0,34,0,0,5,10,4,11.75,0,0,5,10,4,10.833333333333334,0,13.9,-0.3,0.79,Enrolled
1,1,3,12,1,1,1,3,1,19,26,1,0,0,1,0,1,20,0,0,7,10,5,14.46,0,0,7,8,6,13.55,0,12.4,0.5,1.79,Enrolled
1,15,1,6,1,14,3,13,1,7,5,1,0,0,1,0,0,22,1,0,6,12,5,12.8,0,0,6,19,2,11.5,0,12.4,0.5,1.79,Enrolled
1,1,1,16,1,1,1,13,27,6,8,0,0,0,1,0,1,18,0,0,6,11,4,12.0,0,0,6,8,4,10.75,0,15.5,2.8,-4.06,Enrolled
1,1,3,5,1,1,1,1,28,10,8,0,0,0,1,0,1,18,0,0,6,6,6,14.333333333333334,0,0,6,7,6,14.0,0,11.1,0.6,2.02,Enrolled
1,1,1,16,1,1,1,3,1,3,6,0,0,0,1,0,0,18,0,0,6,9,5,12.333333333333334,0,0,6,10,5,10.6,0,15.5,2.8,-4.06,Enrolled
1,1,1,16,1,1,1,13,1,6,11,1,0,1,1,0,0,18,0,0,6,9,5,13.6,0,0,6,10,4,11.75,0,9.4,-0.8,-3.12,Enrolled
1,1,1,16,1,1,1,23,27,6,6,0,0,0,1,0,0,19,0,0,6,9,4,12.5,0,0,6,9,5,12.5,0,9.4,-0.8,-3.12,Enrolled
1,16,1,5,1,1,1,5,1,3,11,1,0,0,1,0,0,21,0,0,6,7,5,12.2,0,0,6,7,4,12.6,0,8.9,1.4,3.51,Enrolled
1,8,2,16,1,1,1,1,1,5,1,1,0,0,1,0,0,18,0,0,7,11,5,11.4,0,0,7,9,6,13.333333333333334,0,13.9,-0.3,0.79,Enrolled
1,14,1,2,1,1,1,13,14,6,8,0,0,0,1,0,0,18,0,0,0,0,0,0.0,0,0,0,0,0,0.0,0,15.5,2.8,-4.06,Enrolled
1,1,2,16,1,1,1,23,28,8,6,1,0,0,1,0,0,18,0,0,6,10,3,12.0,0,0,6,8,4,10.25,0,10.8,1.4,1.74,Enrolled
1,14,1,9,1,1,1,3,14,10,10,0,0,0,1,0,0,21,0,3,10,18,6,11.166666666666666,2,4,10,16,7,10.571428571428571,0,7.6,2.6,0.32,Enrolled
1,1,2,12,1,1,1,23,14,10,8,1,0,0,1,0,1,20,0,0,7,10,5,12.62,0,0,7,8,6,12.5,0,11.1,0.6,2.02,Enrolled
1,12,1,17,0,1,1,23,28,4,4,0,0,0,1,0,0,25,0,0,5,11,3,10.666666666666666,0,0,5,11,3,11.333333333333334,0,15.5,2.8,-4.06,Enrolled
1,12,2,13,1,1,1,22,27,10,10,1,0,0,1,0,0,25,0,0,7,11,7,11.857142857142858,0,0,8,21,5,11.7,0,12.4,0.5,1.79,Enrolled
1,12,1,10,1,1,1,23,14,10,10,1,0,0,1,0,0,24,0,0,6,9,4,15.75,0,0,6,10,5,16.4,0,9.4,-0.8,-3.12,Enrolled
1,1,1,9,1,1,1,22,27,32,36,1,0,0,1,0,0,19,0,0,5,9,4,11.0,0,0,5,8,3,10.666666666666666,0,12.4,0.5,1.79,Enrolled
1,8,6,9,1,1,1,13,28,8,10,0,0,0,1,0,1,19,0,0,5,5,5,12.4,0,0,5,8,3,11.0,0,12.7,3.7,-1.7,Enrolled
1,7,2,9,1,1,1,22,27,10,10,1,0,0,1,0,1,20,0,0,5,8,3,12.0,0,0,5,9,4,12.625,0,10.8,1.4,1.74,Enrolled
1,1,1,2,1,1,1,13,28,5,6,1,0,0,1,0,0,18,0,0,0,0,0,0.0,0,0,0,0,0,0.0,0,7.6,2.6,0.32,Enrolled
1,9,2,16,1,1,1,1,1,10,1,0,0,0,1,0,0,18,0,0,7,12,6,12.0,0,0,7,11,6,12.166666666666666,0,13.9,-0.3,0.79,Enrolled
1,8,3,9,1,1,1,1,14,4,6,1,0,0,1,0,0,19,0,0,5,7,3,10.333333333333334,0,0,5,11,3,14.428571428571429,0,10.8,1.4,1.74,Enrolled
1,1,1,12,1,1,1,23,1,10,5,1,0,0,1,0,0,19,0,0,7,10,5,12.94,0,0,7,7,5,13.76,0,16.2,0.3,-0.92,Enrolled
1,1,1,9,1,1,1,1,2,11,11,1,0,0,1,0,0,19,0,0,5,9,4,12.25,0,0,5,10,4,12.0,0,8.9,1.4,3.51,Enrolled
4,4,1,12,1,15,1,22,27,4,4,1,0,0,1,0,0,32,0,0,7,16,4,13.625,0,0,7,8,7,12.6375,0,12.4,0.5,1.79,Enrolled
1,12,1,17,0,1,1,1,1,5,11,0,0,0,1,1,0,24,0,0,5,5,4,12.0,0,0,5,6,5,12.666666666666666,0,12.4,0.5,1.79,Enrolled
1,1,2,12,1,1,1,13,28,30,43,1,0,0,1,0,0,19,0,0,7,10,6,13.598333333333334,0,0,8,11,6,11.933333333333332,0,11.1,0.6,2.02,Enrolled
2,4,1,12,1,3,1,22,14,10,8,1,0,0,1,0,0,45,0,7,11,11,11,12.7,0,6,10,12,10,12.96818181818182,0,13.9,-0.3,0.79,Enrolled
1,8,1,16,1,1,1,13,14,5,8,1,0,0,1,0,0,18,0,0,7,9,6,11.5,0,0,7,8,7,12.714285714285714,0,13.9,-0.3,0.79,Enrolled
2,12,1,4,1,12,1,13,27,10,11,0,0,1,1,0,0,37,0,0,6,10,6,12.875,0,0,6,12,6,12.9,0,16.2,0.3,-0.92,Enrolled
1,8,1,10,1,1,1,1,1,10,10,0,0,0,1,0,1,20,0,0,6,11,4,10.75,0,0,6,13,5,11.5,0,15.5,2.8,-4.06,Enrolled
1,1,4,12,1,1,1,13,14,8,10,1,0,0,1,0,1,18,0,0,7,9,6,13.533333333333331,0,0,7,7,7,12.228571428571428,0,12.4,0.5,1.79,Enrolled
1,17,1,6,1,16,1,1,1,5,4,1,0,1,1,0,0,21,0,7,9,10,8,13.25,0,4,9,14,5,12.2,0,8.9,1.4,3.51,Enrolled
1,12,1,7,1,12,1,1,14,5,6,0,0,0,1,1,0,25,0,0,5,13,1,11.0,0,0,5,11,1,10.0,0,13.9,-0.3,0.79,Enrolled
1,17,1,14,1,16,1,13,27,4,7,1,0,1,1,0,0,21,0,0,6,12,1,12.0,0,0,6,11,1,11.0,0,8.9,1.4,3.51,Enrolled
1,14,1,6,1,1,1,13,14,6,2,1,0,0,1,0,0,19,0,0,5,5,0,0.0,5,0,5,7,4,14.75,1,12.7,3.7,-1.7,Enrolled
1,17,1,17,0,1,1,23,28,29,44,0,0,1,1,0,0,23,0,6,11,18,8,12.375,0,3,9,15,5,12.6,0,8.9,1.4,3.51,Enrolled
1,8,1,15,1,1,1,22,14,10,11,0,0,0,1,0,0,18,0,0,6,8,5,12.6,0,0,6,10,6,12.428571428571429,0,15.5,2.8,-4.06,Enrolled
1,12,1,3,0,1,1,1,10,5,6,0,0,0,1,1,1,24,0,0,6,6,4,12.25,0,0,6,10,4,11.5,0,12.4,0.5,1.79,Enrolled
1,1,2,5,1,1,1,1,1,5,10,1,0,0,1,1,1,20,0,0,6,9,6,11.375,0,0,6,6,5,13.8,0,7.6,2.6,0.32,Enrolled
1,8,2,7,1,1,1,1,14,10,9,0,0,0,1,1,1,18,0,0,5,8,4,13.5,0,0,6,10,6,13.625,0,11.1,0.6,2.02,Enrolled
1,9,1,11,1,1,1,23,28,6,6,1,0,0,1,1,0,26,0,0,6,10,4,10.0,0,0,6,11,3,12.0,0,9.4,-0.8,-3.12,Enrolled
1,1,1,14,1,1,1,13,1,6,8,1,0,0,1,0,0,18,0,0,6,7,6,12.333333333333334,0,0,6,10,3,12.0,0,13.9,-0.3,0.79,Enrolled
1,8,2,6,1,1,1,1,14,5,10,1,0,0,1,0,0,19,0,0,5,13,3,12.0,2,0,5,8,4,11.75,0,9.4,-0.8,-3.12,Enrolled
1,1,2,16,1,1,1,13,1,32,16,1,0,0,1,0,0,20,0,0,7,8,6,13.5,0,0,7,8,6,14.0,0,11.1,0.6,2.02,Enrolled
1,8,3,9,1,1,1,3,28,3,11,1,0,0,1,0,0,18,0,0,5,16,4,10.666666666666666,0,0,5,11,2,12.0,0,13.9,-0.3,0.79,Enrolled
1,1,1,6,1,1,1,1,27,5,10,1,0,0,1,0,0,21,0,0,6,12,4,12.5,0,0,6,13,2,12.666666666666666,0,11.1,0.6,2.02,Enrolled
1,1,1,6,1,1,1,4,1,3,10,0,0,0,1,0,0,18,0,0,6,14,4,11.5,0,0,6,17,3,13.75,0,11.1,0.6,2.02,Enrolled
1,1,1,10,1,1,1,13,27,8,8,1,0,0,1,0,0,20,0,0,6,13,3,11.2,0,0,6,9,4,12.0,0,16.2,0.3,-0.92,Enrolled
1,8,2,16,1,1,1,1,14,3,11,1,0,0,1,0,0,19,0,0,6,9,5,13.0,0,0,6,8,5,10.4,0,7.6,2.6,0.32,Enrolled
1,12,1,12,1,1,1,1,28,4,8,0,0,0,1,0,1,27,0,0,7,8,6,12.6,0,0,7,9,6,11.685714285714283,0,12.4,0.5,1.79,Enrolled
1,8,1,9,1,1,1,22,27,10,7,1,0,1,0,0,1,19,0,0,5,5,5,12.8,0,0,5,5,4,12.0,0,11.1,0.6,2.02,Enrolled
1,1,3,12,1,1,1,1,1,8,8,1,0,0,1,0,1,19,0,0,7,10,5,13.04,0,0,7,7,7,12.5,0,12.4,0.5,1.79,Enrolled
1,17,1,6,1,16,1,13,28,9,10,1,0,1,0,0,0,23,0,7,11,18,11,13.166666666666666,0,4,9,15,8,13.333333333333334,0,8.9,1.4,3.51,Enrolled
1,1,1,10,1,1,1,1,28,6,9,0,0,0,1,0,1,20,0,0,6,11,5,10.6,0,0,6,9,5,11.166666666666666,0,11.1,0.6,2.02,Enrolled
1,1,1,6,1,1,1,1,10,5,6,0,0,0,1,0,0,20,0,0,6,10,6,13.428571428571429,0,0,6,11,5,12.666666666666666,0,13.9,-0.3,0.79,Enrolled
1,8,1,9,1,1,1,1,1,10,4,1,0,0,1,1,0,18,0,0,5,6,5,12.0,0,0,5,7,4,12.5,0,15.5,2.8,-4.06,Enrolled
1,1,2,6,1,1,1,1,14,4,4,1,0,0,1,1,0,21,0,0,5,7,4,11.5,0,0,5,15,3,10.6,4,10.8,1.4,1.74,Enrolled
1,1,1,8,1,1,1,1,1,4,10,1,0,0,1,0,0,20,0,0,6,11,6,13.333333333333334,0,0,6,10,6,13.0,0,16.2,0.3,-0.92,Enrolled
1,1,2,2,1,1,1,1,3,4,4,1,0,0,1,0,0,18,0,0,0,0,0,0.0,0,0,0,0,0,0.0,0,12.4,0.5,1.79,Enrolled
1,1,2,15,1,1,1,23,1,10,10,1,0,0,1,0,0,19,0,0,6,6,5,12.2,0,0,6,7,5,10.8,0,10.8,1.4,1.74,Enrolled
1,1,2,15,1,1,1,22,27,10,10,1,0,0,1,0,1,19,0,0,6,11,4,11.0,0,0,6,11,3,11.666666666666666,0,9.4,-0.8,-3.12,Enrolled
1,1,3,9,1,1,1,1,28,6,8,1,0,0,1,0,1,19,0,0,5,5,5,11.6,0,0,5,11,3,12.666666666666666,0,9.4,-0.8,-3.12,Enrolled
1,1,2,8,1,1,1,13,27,10,10,1,0,0,1,0,0,18,0,0,5,10,4,13.5,1,0,5,5,5,13.4,0,12.7,3.7,-1.7,Enrolled
1,1,1,11,1,1,1,2,27,2,2,1,0,0,1,0,0,19,0,0,6,9,5,13.4,0,0,6,16,2,13.5,0,10.8,1.4,1.74,Enrolled
3,8,1,10,1,1,1,22,27,10,10,1,0,0,1,0,1,21,0,0,6,8,3,10.2,0,0,6,13,4,12.25,0,12.7,3.7,-1.7,Enrolled
1,1,3,11,1,1,1,22,28,8,8,1,0,0,1,0,1,18,0,0,6,9,6,10.833333333333334,0,0,6,8,5,11.0,0,7.6,2.6,0.32,Enrolled
1,1,2,12,1,1,1,1,28,10,10,1,0,0,1,0,1,18,0,0,7,9,6,12.816666666666668,0,0,8,11,6,12.875,0,11.1,0.6,2.02,Enrolled
1,6,1,7,1,1,13,1,3,21,31,0,0,1,1,0,0,19,1,0,6,11,2,13.5,1,0,5,11,2,11.0,0,8.9,1.4,3.51,Enrolled
1,1,1,7,1,1,1,3,1,3,4,0,0,0,1,1,0,20,0,0,5,9,4,11.6,0,0,5,7,4,12.25,2,7.6,2.6,0.32,Enrolled
1,1,1,9,1,1,1,1,14,5,6,0,0,0,1,1,0,20,0,0,5,9,5,12.0,0,0,5,9,4,13.0,0,8.9,1.4,3.51,Enrolled
1,1,6,12,1,1,1,1,1,4,8,1,0,0,1,1,0,18,0,0,7,8,6,13.976666666666668,0,0,8,12,6,12.041666666666666,1,11.1,0.6,2.02,Enrolled
1,1,1,14,1,1,1,2,28,21,35,1,0,0,1,1,0,19,0,0,6,10,4,12.5,0,0,6,12,1,10.0,3,16.2,0.3,-0.92,Enrolled
1,1,3,14,1,1,1,3,14,3,9,1,0,0,1,1,0,19,0,0,5,7,3,11.666666666666666,0,0,5,5,4,12.0,0,9.4,-0.8,-3.12,Enrolled
1,8,2,11,1,1,1,13,14,5,4,1,0,0,1,1,0,20,0,0,6,8,6,11.833333333333334,0,0,6,9,5,10.4,0,7.6,2.6,0.32,Enrolled
2,8,5,7,1,1,1,22,28,5,5,1,0,0,1,1,0,21,0,0,5,10,4,13.2,0,0,5,7,4,14.25,2,7.6,2.6,0.32,Enrolled
1,8,1,9,1,1,1,3,28,4,8,1,0,0,1,1,0,18,0,0,5,13,5,12.0,0,0,5,9,4,11.4,0,13.9,-0.3,0.79,Enrolled
1,15,1,4,1,14,1,3,3,8,2,1,0,0,1,1,0,20,0,0,6,12,4,11.6,0,0,6,11,5,11.5,0,15.5,2.8,-4.06,Enrolled
1,8,1,7,1,1,1,1,3,10,11,1,0,0,1,1,0,20,0,0,5,7,4,12.0,0,0,5,8,2,12.5,0,10.8,1.4,1.74,Enrolled
1,8,1,14,1,1,1,1,27,5,10,1,0,0,1,0,1,25,0,0,6,8,6,11.285714285714286,0,0,6,10,5,12.2,0,15.5,2.8,-4.06,Enrolled
4,12,1,4,1,1,1,22,27,10,9,0,0,0,1,1,0,28,0,0,6,12,5,12.0,0,0,6,10,6,12.333333333333334,0,11.1,0.6,2.02,Enrolled
2,12,1,12,1,1,1,22,27,29,42,0,0,0,1,0,0,35,0,0,7,11,5,13.34,0,0,7,9,5,10.84,0,12.4,0.5,1.79,Enrolled
1,12,1,12,1,15,1,22,27,10,8,0,0,0,1,0,0,27,0,3,8,12,7,12.457142857142856,0,3,8,12,7,12.457142857142856,0,12.7,3.7,-1.7,Enrolled
1,12,1,17,0,1,14,22,14,10,10,0,0,0,1,0,1,31,1,0,5,13,4,10.5,0,0,5,10,4,10.5,0,15.5,2.8,-4.06,Enrolled
2,12,1,17,0,1,1,22,14,10,11,0,0,0,1,1,0,47,0,0,5,8,4,10.0,0,0,5,8,4,12.5,0,9.4,-0.8,-3.12,Enrolled
1,1,1,2,1,1,1,22,14,10,9,0,0,0,1,1,1,20,0,0,0,0,0,0.0,0,0,0,0,0,0.0,0,13.9,-0.3,0.79,Enrolled
1,1,1,2,1,1,1,3,2,3,3,1,0,0,1,1,0,18,0,0,0,0,0,0.0,0,0,0,0,0,0.0,0,7.6,2.6,0.32,Enrolled
4,12,1,4,1,1,1,13,14,10,5,0,0,0,1,0,0,39,0,0,6,15,2,13.0,2,0,6,13,3,13.0,1,15.5,2.8,-4.06,Enrolled
1,4,1,7,1,4,1,4,3,3,8,0,0,1,1,1,0,30,0,0,5,6,4,14.5,0,0,5,10,3,16.2,0,13.9,-0.3,0.79,Enrolled
2,15,1,17,0,14,1,22,27,10,10,0,0,0,1,0,0,41,0,2,6,10,4,12.25,0,3,7,9,6,12.5,0,9.4,-0.8,-3.12,Enrolled
1,9,1,15,1,1,1,13,27,10,6,0,0,0,0,0,0,18,0,0,6,7,5,12.6,0,0,6,6,5,11.8,0,11.1,0.6,2.02,Enrolled
1,8,1,9,1,1,1,1,28,7,7,1,0,1,1,1,0,18,0,0,5,9,0,0.0,0,0,5,5,0,0.0,0,7.6,2.6,0.32,Enrolled
1,6,1,1,1,1,14,2,3,3,5,0,0,0,1,1,0,20,1,0,7,10,7,12.857142857142858,0,0,7,7,4,12.75,0,8.9,1.4,3.51,Enrolled
1,8,1,8,1,1,1,23,14,6,8,1,0,0,1,0,0,21,0,0,6,12,5,13.6,0,0,6,10,4,14.25,0,12.4,0.5,1.79,Enrolled
1,15,1,8,1,14,1,13,14,6,6,1,0,1,0,0,0,20,0,1,6,11,3,12.0,0,0,6,11,2,11.0,0,12.4,0.5,1.79,Enrolled
1,8,4,6,1,1,1,22,1,4,10,0,0,0,1,0,0,20,0,0,6,9,6,13.166666666666666,0,0,6,8,4,14.0,0,13.9,-0.3,0.79,Enrolled
1,6,1,13,1,1,12,13,1,10,5,0,0,1,1,0,0,19,1,0,7,11,0,0.0,4,0,7,11,2,11.666666666666666,0,8.9,1.4,3.51,Enrolled
2,1,1,3,0,1,1,22,27,10,10,1,0,0,1,0,0,45,0,8,12,14,12,14.0,0,2,7,12,7,13.857142857142858,0,7.6,2.6,0.32,Enrolled
1,12,1,17,0,1,1,13,27,6,6,0,0,0,1,0,0,28,0,0,5,9,4,11.25,0,0,5,7,4,13.0,0,7.6,2.6,0.32,Enrolled
1,7,1,2,1,1,1,23,27,10,10,1,0,0,1,1,1,18,0,0,0,0,0,0.0,0,0,0,0,0,0.0,0,10.8,1.4,1.74,Enrolled
1,7,2,5,1,1,1,1,3,5,3,1,0,0,1,0,0,18,0,0,6,11,1,11.0,1,0,6,11,4,11.0,4,7.6,2.6,0.32,Enrolled
1,1,1,9,1,1,1,23,27,8,8,1,0,0,1,0,0,18,0,0,5,8,4,12.0,0,0,5,8,4,12.25,0,9.4,-0.8,-3.12,Enrolled
1,8,2,7,1,1,1,1,2,4,4,1,0,0,1,1,0,21,0,0,5,10,5,11.166666666666666,0,0,5,10,3,10.8,0,12.4,0.5,1.79,Enrolled
1,1,4,9,1,1,1,13,28,6,6,1,0,0,1,1,0,18,0,0,5,6,4,11.5,0,0,5,12,2,10.333333333333334,0,10.8,1.4,1.74,Enrolled
1,8,1,9,1,1,1,1,28,10,10,1,0,0,1,1,0,19,0,0,5,10,2,10.5,0,0,5,5,4,11.75,0,12.4,0.5,1.79,Enrolled
1,1,1,14,1,1,1,1,27,5,10,0,0,0,1,1,0,19,0,0,5,8,4,12.5,0,0,5,6,4,11.0,0,7.6,2.6,0.32,Enrolled
1,1,2,12,1,1,1,22,27,10,10,1,0,0,1,1,0,22,0,0,7,9,6,12.833333333333334,0,0,8,12,6,12.5,0,16.2,0.3,-0.92,Enrolled
1,8,6,14,1,1,1,1,14,5,11,0,0,0,1,1,0,21,0,0,6,10,6,12.285714285714286,0,0,6,11,4,14.25,0,15.5,2.8,-4.06,Enrolled
1,1,2,11,1,1,1,1,14,5,2,1,0,0,1,1,0,18,0,0,6,12,5,11.0,0,0,6,11,3,10.333333333333334,0,9.4,-0.8,-3.12,Enrolled
1,17,1,4,1,16,1,23,28,10,10,1,0,1,1,1,0,20,0,7,12,16,11,12.545454545454543,0,5,10,12,8,11.625,0,8.9,1.4,3.51,Enrolled
1,8,1,15,1,1,1,23,14,10,11,1,0,0,1,1,0,18,0,0,6,6,6,12.666666666666666,0,0,6,7,5,13.6,0,12.4,0.5,1.79,Enrolled
1,7,5,6,1,1,1,13,27,9,9,1,0,0,1,1,0,18,0,0,5,11,5,13.0,2,0,5,7,5,12.4,0,9.4,-0.8,-3.12,Enrolled
1,14,1,3,0,1,1,23,3,18,20,0,0,0,1,1,0,54,0,9,13,14,13,13.307692307692308,0,7,11,12,11,12.818181818181818,0,12.7,3.7,-1.7,Enrolled
1,1,1,12,1,1,1,3,1,10,10,0,0,0,1,0,0,19,0,0,8,8,7,14.514285714285714,0,0,8,8,7,14.514285714285714,0,12.7,3.7,-1.7,Enrolled
1,4,1,17,0,15,1,28,3,4,4,0,0,0,1,0,0,27,0,0,5,5,5,15.2,0,0,5,6,5,14.0,0,11.1,0.6,2.02,Enrolled
1,1,2,6,1,1,1,22,14,10,9,0,0,0,1,0,0,20,0,0,5,7,4,11.75,0,0,5,9,2,10.5,0,7.6,2.6,0.32,Enrolled
1,1,1,2,1,1,1,3,3,2,3,1,0,0,1,0,0,20,0,0,0,0,0,0.0,0,0,0,0,0,0.0,0,13.9,-0.3,0.79,Enrolled
1,1,1,15,1,1,1,1,1,5,5,1,0,0,1,0,0,19,0,0,6,7,6,14.0,0,0,6,7,5,15.0,0,11.1,0.6,2.02,Enrolled
1,12,1,17,0,1,1,1,1,5,3,0,0,0,1,0,0,25,0,0,5,12,4,12.5,0,0,5,10,4,11.0,0,13.9,-0.3,0.79,Enrolled
1,1,1,7,1,1,1,23,28,10,8,1,0,0,1,1,0,19,0,0,5,10,3,10.666666666666666,0,0,5,9,2,14.0,2,7.6,2.6,0.32,Enrolled
1,1,1,15,1,1,1,1,14,5,5,0,0,0,1,1,0,19,0,0,6,11,4,12.25,0,0,6,10,3,12.666666666666666,0,7.6,2.6,0.32,Enrolled
1,1,1,2,1,1,1,13,1,10,10,1,0,0,1,1,0,20,0,0,0,0,0,0.0,0,0,0,0,0,0.0,0,10.8,1.4,1.74,Enrolled
1,1,1,9,1,1,1,3,14,4,11,0,0,0,1,1,0,19,0,0,5,7,5,11.8,0,0,5,8,4,12.4,2,16.2,0.3,-0.92,Enrolled
1,1,1,7,1,1,1,3,1,5,2,0,0,0,1,1,0,18,0,0,5,10,2,14.0,0,0,5,7,3,11.0,1,7.6,2.6,0.32,Enrolled
1,1,4,9,1,1,1,1,28,9,10,1,0,0,1,1,0,19,0,0,5,5,4,10.75,0,0,5,6,4,12.25,0,12.4,0.5,1.79,Enrolled
1,15,1,17,0,14,1,22,27,10,10,0,0,0,1,0,0,31,0,2,6,12,4,12.25,0,3,7,9,7,12.0,0,9.4,-0.8,-3.12,Enrolled
1,15,1,6,1,14,1,1,3,10,5,0,0,1,0,0,0,24,0,2,6,11,4,12.5,0,1,6,18,2,11.5,0,12.4,0.5,1.79,Enrolled
2,12,1,12,1,1,1,22,28,5,5,0,0,0,1,1,1,33,0,0,8,16,1,10.0,1,0,8,16,1,10.0,1,12.7,3.7,-1.7,Enrolled
1,15,1,8,1,14,1,23,27,5,10,1,0,0,1,0,1,20,0,0,6,11,4,12.0,0,0,6,9,4,10.75,0,16.2,0.3,-0.92,Enrolled
2,12,1,3,0,1,1,22,3,10,11,0,0,0,1,1,0,44,0,5,11,21,9,12.333333333333334,0,8,11,16,9,11.0,0,12.4,0.5,1.79,Enrolled
1,1,5,12,1,1,1,1,3,10,11,1,0,0,1,1,0,18,0,0,7,10,6,12.035714285714286,0,0,8,9,7,13.75,0,13.9,-0.3,0.79,Enrolled
1,8,4,11,1,1,1,1,1,5,3,1,0,0,1,1,0,19,0,0,6,7,5,12.2,0,0,6,12,2,12.0,0,7.6,2.6,0.32,Enrolled
1,15,1,4,1,1,1,3,2,3,7,1,0,0,1,1,0,21,0,4,9,14,7,11.285714285714286,2,2,8,15,4,12.25,0,12.7,3.7,-1.7,Enrolled
1,8,2,5,1,1,1,24,29,4,4,1,0,0,1,1,0,20,0,0,6,7,5,11.8,0,0,6,9,4,12.0,0,15.5,2.8,-4.06,Enrolled
1,15,1,7,1,14,1,13,3,6,3,0,0,0,1,1,0,20,0,0,5,16,0,0.0,0,0,5,12,2,10.5,0,12.7,3.7,-1.7,Enrolled
1,1,1,7,1,1,1,1,1,4,4,0,0,0,0,1,1,18,0,0,5,5,5,14.2,0,0,5,5,5,14.2,0,8.9,1.4,3.51,Enrolled
1,8,1,2,1,1,1,4,4,4,4,0,0,1,1,1,0,19,0,5,12,12,10,12.7,0,4,11,16,10,12.272727272727272,0,8.9,1.4,3.51,Enrolled
1,15,1,11,1,14,1,13,2,10,4,0,0,0,0,1,0,26,0,2,8,14,8,15.125,0,1,6,12,6,13.666666666666666,0,11.1,0.6,2.02,Enrolled
1,16,1,9,1,1,1,3,3,3,3,0,0,1,1,1,0,32,0,2,7,16,3,12.0,0,3,8,10,3,10.333333333333334,0,8.9,1.4,3.51,Enrolled
1,7,3,16,1,1,1,22,14,10,6,1,0,0,1,0,1,23,0,0,6,10,4,14.25,1,0,6,8,5,12.0,0,7.6,2.6,0.32,Enrolled
1,12,1,9,1,1,14,23,28,10,9,0,0,0,1,0,0,24,1,0,5,12,2,10.5,0,0,5,9,4,10.0,2,16.2,0.3,-0.92,Enrolled
1,13,1,4,1,1,1,13,14,5,5,1,0,0,1,1,0,25,0,0,6,14,5,11.666666666666666,0,0,6,11,4,12.0,0,15.5,2.8,-4.06,Enrolled
1,8,6,11,1,1,1,1,14,5,6,1,0,0,1,1,0,19,0,0,6,13,5,10.8,0,0,6,12,3,10.0,0,9.4,-0.8,-3.12,Enrolled
1,1,1,14,1,1,1,1,27,10,11,0,0,0,1,1,0,21,0,0,6,6,5,12.8,0,0,6,9,5,12.25,0,10.8,1.4,1.74,Enrolled
1,8,3,9,1,1,1,3,28,15,36,1,0,1,1,1,0,19,0,0,5,10,4,11.0,0,0,5,13,2,12.0,0,8.9,1.4,3.51,Enrolled
1,14,1,9,1,1,1,22,28,8,8,0,0,0,1,1,0,25,0,0,5,12,3,11.0,1,0,5,12,4,11.5,0,9.4,-0.8,-3.12,Enrolled
1,14,1,12,1,1,1,13,27,27,42,1,0,0,1,0,0,21,0,0,7,12,4,13.125,0,0,7,8,6,12.333333333333334,0,13.9,-0.3,0.79,Enrolled
1,1,3,7,1,1,1,1,1,4,6,0,0,0,1,1,1,19,0,0,5,10,5,11.8,0,0,5,12,3,11.5,0,11.1,0.6,2.02,Enrolled
1,1,5,7,1,1,1,1,14,5,8,0,0,0,0,1,1,18,0,0,5,6,5,12.2,0,0,5,8,4,12.0,0,8.9,1.4,3.51,Enrolled
1,12,1,4,1,12,1,13,27,2,2,0,0,1,1,1,0,24,0,0,6,10,6,14.88888888888889,0,0,6,11,6,13.727272727272728,0,16.2,0.3,-0.92,Enrolled
1,14,1,6,1,1,1,13,28,5,10,1,0,0,0,0,0,19,0,0,6,12,5,13.0,0,0,6,12,3,11.666666666666666,0,13.9,-0.3,0.79,Enrolled
1,1,3,12,1,1,1,3,1,5,4,1,0,0,1,0,1,19,0,0,7,11,4,12.65,0,0,7,9,5,11.1,0,12.4,0.5,1.79,Enrolled
1,8,1,9,1,1,1,1,28,5,6,1,0,0,1,0,0,19,0,0,5,10,1,11.0,0,0,5,13,0,0.0,0,12.7,3.7,-1.7,Enrolled
1,8,1,6,1,1,1,1,28,5,10,1,0,0,1,0,0,21,0,0,5,13,3,11.333333333333334,2,0,5,12,2,10.5,1,9.4,-0.8,-3.12,Enrolled
1,1,1,9,1,1,1,23,27,6,7,0,0,0,1,0,1,18,0,0,5,11,4,11.571428571428571,0,0,5,9,5,12.0,0,13.9,-0.3,0.79,Enrolled
2,12,1,12,1,1,1,22,27,10,10,1,0,0,1,0,0,39,0,0,7,8,5,12.16,0,0,7,8,5,12.16,0,7.6,2.6,0.32,Enrolled
1,1,2,9,1,1,1,3,1,4,4,1,1,1,1,1,0,20,0,0,5,6,5,13.2,0,0,5,10,5,11.4,3,16.2,0.3,-0.92,Enrolled
1,14,3,11,1,1,1,3,3,3,3,0,0,0,1,1,0,19,0,0,6,14,3,12.5,0,0,6,9,4,11.0,0,12.7,3.7,-1.7,Enrolled
2,13,1,17,0,1,1,3,2,3,3,0,0,0,1,1,0,27,0,2,2,2,2,12.5,0,0,5,6,2,12.5,0,12.7,3.7,-1.7,Enrolled
1,12,1,7,1,1,1,1,1,5,5,0,0,0,1,1,0,34,0,0,5,7,0,0.0,0,0,5,8,1,11.0,0,10.8,1.4,1.74,Enrolled
2,15,1,7,1,14,1,22,27,10,10,0,0,1,1,1,0,41,0,3,7,15,5,14.333333333333334,0,1,6,16,6,14.636363636363637,0,12.4,0.5,1.79,Enrolled
2,12,1,12,1,1,1,22,27,29,37,0,0,0,1,0,0,48,0,0,7,11,4,11.75,0,0,7,14,3,11.725,0,11.1,0.6,2.02,Enrolled
1,1,1,2,1,1,1,2,3,5,9,1,0,0,1,0,0,18,0,0,0,0,0,0.0,0,0,0,0,0,0.0,0,12.4,0.5,1.79,Enrolled
1,1,1,5,1,1,1,13,14,8,10,1,0,0,1,0,0,19,0,0,6,10,2,10.5,0,0,6,6,3,11.0,0,7.6,2.6,0.32,Enrolled
1,1,1,6,1,1,1,13,27,9,9,0,1,0,1,0,0,21,0,0,6,13,4,12.0,0,0,6,17,2,11.5,0,11.1,0.6,2.02,Enrolled
1,8,1,16,1,1,1,2,14,4,10,1,0,0,1,0,0,19,0,0,6,8,5,12.333333333333334,0,0,6,8,5,11.0,0,15.5,2.8,-4.06,Enrolled
1,14,1,14,1,1,1,13,14,2,2,0,0,1,1,0,0,20,0,0,6,12,5,12.2,0,0,6,8,5,14.6,0,13.9,-0.3,0.79,Enrolled
1,15,1,6,1,14,1,1,1,4,8,1,0,0,1,0,0,20,0,2,6,11,5,14.2,0,0,6,12,2,13.5,0,13.9,-0.3,0.79,Enrolled
1,1,1,16,1,1,1,13,1,10,2,0,0,0,1,0,0,18,0,0,6,8,5,12.8,0,0,6,14,3,10.0,0,9.4,-0.8,-3.12,Enrolled
1,1,1,5,1,1,1,23,28,10,6,0,0,0,0,0,1,18,0,0,6,7,5,11.8,0,0,6,7,5,13.0,0,8.9,1.4,3.51,Enrolled
1,1,4,12,1,1,1,3,14,3,4,1,0,0,1,0,0,17,0,0,8,14,5,12.46,0,0,8,14,5,12.46,0,10.8,1.4,1.74,Enrolled
1,1,4,10,1,1,1,13,1,5,6,1,1,0,1,0,0,18,0,0,6,9,5,11.833333333333334,0,0,6,8,2,11.5,0,13.9,-0.3,0.79,Enrolled
1,17,1,6,1,16,1,13,1,10,10,1,0,1,0,0,0,24,0,7,9,9,8,13.125,0,4,9,13,6,13.0,0,8.9,1.4,3.51,Enrolled
1,9,1,12,1,1,1,13,1,10,5,0,0,0,1,0,1,20,0,0,8,8,0,0.0,8,0,8,8,0,0.0,8,9.4,-0.8,-3.12,Enrolled
1,1,3,6,1,1,1,3,2,5,4,1,0,0,1,0,0,18,0,0,5,14,3,12.333333333333334,2,0,5,8,5,11.6,0,9.4,-0.8,-3.12,Enrolled
1,8,1,16,1,1,1,1,1,4,5,0,0,1,1,0,0,18,0,0,6,8,4,13.25,0,0,6,10,3,10.666666666666666,0,12.7,3.7,-1.7,Enrolled
1,16,1,10,1,1,1,13,3,6,3,0,0,1,1,0,0,20,0,5,11,18,8,12.625,0,4,10,10,3,11.0,0,11.1,0.6,2.02,Enrolled
1,1,4,12,1,1,1,13,14,4,4,1,0,0,1,0,0,19,0,0,7,12,4,12.85,0,0,7,7,7,12.62142857142857,0,11.1,0.6,2.02,Enrolled
1,15,1,6,1,1,1,1,2,4,4,0,0,0,1,0,0,20,0,0,6,7,6,14.285714285714286,0,0,6,9,3,13.0,0,13.9,-0.3,0.79,Enrolled
2,12,1,17,0,1,1,22,27,10,11,0,0,0,1,0,0,34,0,0,5,5,0,0.0,0,0,5,5,0,0.0,0,9.4,-0.8,-3.12,Enrolled
1,1,5,14,1,1,1,4,1,5,11,1,0,0,1,0,0,18,0,0,6,10,4,11.25,0,0,6,11,5,12.2,0,8.9,1.4,3.51,Enrolled
1,12,1,3,0,1,16,1,1,5,8,0,0,1,1,0,0,25,1,2,6,6,6,11.333333333333334,0,0,6,6,4,11.75,0,8.9,1.4,3.51,Enrolled
1,1,1,11,1,1,1,13,14,6,6,1,0,0,1,0,0,21,0,0,6,8,5,11.6,0,0,6,6,5,13.0,0,12.4,0.5,1.79,Enrolled
2,12,1,17,0,1,1,22,27,10,11,0,0,0,1,0,0,34,0,0,5,12,2,11.5,0,0,5,9,4,11.75,0,9.4,-0.8,-3.12,Enrolled
1,1,2,2,1,1,1,3,29,2,4,1,0,0,1,1,0,17,0,0,0,0,0,0.0,0,0,0,0,0,0.0,0,15.5,2.8,-4.06,Enrolled
1,13,1,12,1,1,1,3,14,3,9,0,0,0,1,1,0,22,0,3,6,7,3,14.5,0,4,7,8,4,14.375,0,15.5,2.8,-4.06,Enrolled
1,1,6,12,1,1,1,1,28,4,10,1,0,0,1,0,0,19,0,0,7,10,5,13.44,0,0,7,8,6,13.066666666666668,0,12.4,0.5,1.79,Enrolled
1,15,1,6,1,14,1,22,27,10,10,0,0,0,1,0,0,20,0,2,6,8,6,13.0,0,1,6,18,2,12.0,0,12.4,0.5,1.79,Enrolled
1,9,4,16,1,1,1,13,28,5,11,1,0,0,1,0,0,19,0,0,6,8,5,12.666666666666666,0,0,6,8,5,11.0,0,15.5,2.8,-4.06,Enrolled
5,1,3,6,1,1,1,13,14,5,8,1,0,0,1,0,0,21,0,0,5,13,5,12.2,2,0,5,10,3,11.333333333333334,1,9.4,-0.8,-3.12,Enrolled
1,8,1,15,1,1,1,23,28,10,6,0,0,0,1,0,0,21,0,0,6,8,5,11.8,0,0,6,8,5,11.833333333333334,0,15.5,2.8,-4.06,Enrolled
1,14,1,12,1,1,1,13,14,5,8,0,0,0,1,0,1,18,0,0,7,11,5,12.16,0,0,7,7,2,13.4,0,16.2,0.3,-0.92,Enrolled
1,7,1,5,1,1,1,1,1,4,4,1,0,0,1,0,0,18,0,0,6,6,1,15.0,0,0,6,7,4,12.5,0,9.4,-0.8,-3.12,Enrolled
1,8,1,6,1,1,1,2,14,3,10,1,0,0,1,0,0,18,0,0,5,12,2,11.5,0,0,5,12,3,11.8,2,10.8,1.4,1.74,Enrolled
1,15,3,6,1,14,1,1,14,5,2,1,0,0,1,0,0,19,0,0,5,10,1,13.0,1,0,5,8,3,15.333333333333334,0,12.7,3.7,-1.7,Enrolled
1,8,1,2,1,1,1,1,1,7,8,1,0,0,1,0,0,18,0,0,0,0,0,0.0,0,0,0,0,0,0.0,0,12.4,0.5,1.79,Enrolled
1,1,1,6,1,1,1,13,27,4,8,0,0,0,1,0,0,18,0,0,6,13,6,12.0,0,0,6,16,4,12.75,0,11.1,0.6,2.02,Enrolled
1,8,5,12,1,1,1,1,1,6,5,1,0,0,1,0,0,18,0,0,7,9,7,12.385714285714286,0,0,8,9,7,12.728571428571428,0,13.9,-0.3,0.79,Enrolled
1,8,1,8,1,1,1,3,3,3,3,1,0,1,0,0,0,18,0,0,6,9,5,12.4,0,0,6,12,5,14.166666666666666,0,8.9,1.4,3.51,Enrolled
1,15,1,6,1,14,1,3,1,3,10,1,0,0,1,0,0,21,0,1,6,13,3,11.75,0,1,6,13,5,12.333333333333334,0,12.4,0.5,1.79,Enrolled
1,8,2,2,1,1,1,1,1,5,2,1,0,0,1,0,0,18,0,0,0,0,0,0.0,0,0,0,0,0,0.0,0,9.4,-0.8,-3.12,Enrolled
1,8,2,10,1,1,1,2,1,4,5,1,0,0,1,0,0,19,0,0,6,14,1,11.5,0,0,6,12,2,10.5,0,7.6,2.6,0.32,Enrolled
1,1,1,5,1,1,1,13,27,5,5,0,0,0,1,0,1,18,0,1,6,8,6,12.0,1,0,6,12,5,11.142857142857142,0,13.9,-0.3,0.79,Enrolled
1,8,1,2,1,1,1,22,27,10,7,1,0,0,1,1,1,18,0,0,0,0,0,0.0,0,0,0,0,0,0.0,0,7.6,2.6,0.32,Enrolled
1,8,1,7,1,1,1,13,28,10,8,0,0,0,1,1,0,18,0,0,5,10,3,11.0,0,0,5,6,3,11.0,1,16.2,0.3,-0.92,Enrolled
1,1,2,15,1,1,1,23,14,5,8,1,0,0,1,1,1,19,0,0,6,8,4,12.0,0,0,6,8,6,12.285714285714286,0,15.5,2.8,-4.06,Enrolled
1,8,2,9,1,1,1,1,28,6,8,1,0,0,1,1,0,20,0,0,5,8,2,10.5,0,0,5,11,4,12.25,0,10.8,1.4,1.74,Enrolled
1,14,1,5,1,1,1,1,1,5,8,1,0,0,1,1,0,19,0,3,6,7,3,11.666666666666666,0,1,6,13,4,10.333333333333334,0,13.9,-0.3,0.79,Enrolled
1,15,1,7,1,14,1,1,1,10,9,0,0,0,1,1,1,20,0,3,7,12,6,14.142857142857142,0,1,6,10,6,14.125,0,12.4,0.5,1.79,Enrolled
1,14,1,9,1,1,1,22,14,10,9,0,0,0,1,1,0,22,0,0,5,5,0,0.0,0,0,5,9,3,13.333333333333334,2,16.2,0.3,-0.92,Enrolled
1,8,2,9,1,1,1,23,28,5,8,1,0,0,1,1,1,22,0,0,5,7,3,12.333333333333334,0,0,5,9,3,10.571428571428571,0,10.8,1.4,1.74,Enrolled
1,1,1,7,1,1,1,23,14,6,6,0,0,0,1,1,0,19,0,0,5,7,5,10.2,0,0,5,8,3,12.0,0,10.8,1.4,1.74,Enrolled
1,1,2,15,1,1,1,3,1,3,5,0,0,0,1,1,0,19,0,0,6,9,5,12.6,0,6,10,16,8,11.0,1,8.9,1.4,3.51,Enrolled
1,14,1,7,1,1,1,3,1,3,4,0,0,0,1,1,0,18,0,0,5,9,4,12.25,0,0,5,11,3,11.666666666666666,0,13.9,-0.3,0.79,Enrolled
1,8,2,11,1,1,1,13,14,6,8,0,0,0,1,1,1,18,0,0,6,12,3,10.666666666666666,0,0,6,9,4,12.0,0,15.5,2.8,-4.06,Enrolled
1,1,1,11,1,1,1,23,14,10,5,0,0,0,1,1,0,19,0,0,6,10,4,12.75,0,0,6,12,2,13.0,0,10.8,1.4,1.74,Enrolled
1,12,1,8,1,1,1,13,1,29,29,0,0,0,1,1,0,24,0,0,6,11,6,11.333333333333334,0,0,6,12,3,11.333333333333334,0,16.2,0.3,-0.92,Enrolled
1,12,1,6,1,9,1,23,14,10,9,1,0,1,0,1,0,25,0,0,6,6,0,0.0,0,0,6,6,0,0.0,0,8.9,1.4,3.51,Enrolled
2,12,1,17,0,1,1,22,27,10,10,0,0,0,1,1,0,37,0,0,5,7,4,10.75,0,0,5,7,3,11.333333333333334,0,7.6,2.6,0.32,Enrolled
1,14,1,7,1,1,1,1,28,5,8,0,0,0,1,1,0,19,0,0,5,8,5,12.0,0,0,5,12,2,10.5,0,13.9,-0.3,0.79,Enrolled
1,8,1,12,1,1,1,1,1,5,6,0,0,0,1,1,1,19,0,0,7,11,6,12.528571428571428,0,0,7,10,6,12.416666666666666,0,15.5,2.8,-4.06,Enrolled
1,14,2,12,1,1,1,13,1,10,11,0,0,0,1,1,1,21,0,0,8,8,0,0.0,8,0,8,8,0,0.0,8,9.4,-0.8,-3.12,Enrolled
1,15,1,4,1,14,1,5,3,3,3,0,0,0,1,1,0,20,0,1,7,13,3,10.666666666666666,0,0,6,14,2,11.5,0,15.5,2.8,-4.06,Enrolled
1,1,2,14,1,1,1,1,14,5,5,0,0,0,1,1,1,19,0,0,6,10,6,13.125,0,0,6,9,6,12.714285714285714,0,11.1,0.6,2.02,Enrolled
1,1,1,16,1,1,1,22,27,10,5,1,0,0,1,1,0,42,0,0,6,9,5,12.4,0,0,6,10,5,11.8,0,7.6,2.6,0.32,Enrolled
1,9,1,6,1,1,1,1,14,4,6,0,0,0,0,1,0,21,0,0,6,10,5,14.0,0,0,6,11,4,14.8,0,11.1,0.6,2.02,Enrolled
1,1,1,5,1,1,1,1,1,5,10,1,0,0,1,1,0,19,0,0,6,7,5,11.4,0,0,6,10,3,11.0,3,7.6,2.6,0.32,Enrolled
1,15,1,4,1,14,1,1,28,10,7,0,0,0,1,1,0,21,0,0,6,13,4,11.75,0,0,6,15,4,10.5,0,15.5,2.8,-4.06,Enrolled
1,1,1,5,1,1,1,13,28,5,5,0,0,0,1,1,0,20,0,1,6,8,6,13.428571428571429,1,0,6,12,4,11.5,0,13.9,-0.3,0.79,Enrolled
1,13,1,7,1,1,1,1,27,6,6,0,0,0,1,1,0,19,0,2,5,6,4,11.8,0,0,5,7,2,11.5,0,15.5,2.8,-4.06,Enrolled
1,15,1,7,1,14,1,5,31,4,3,0,0,0,1,1,0,23,0,3,7,12,3,14.0,0,1,6,12,1,14.0,0,12.4,0.5,1.79,Enrolled
1,8,1,5,1,1,1,13,14,8,8,0,0,0,1,1,0,18,0,0,6,7,6,12.333333333333334,0,0,6,10,5,10.8,4,16.2,0.3,-0.92,Enrolled
1,1,1,9,1,1,1,22,27,10,10,0,0,1,1,1,1,22,0,0,5,8,5,10.666666666666666,0,0,5,11,2,11.0,0,15.5,2.8,-4.06,Enrolled
1,9,5,7,1,1,1,3,2,3,4,1,0,0,1,1,0,19,0,0,5,9,5,11.833333333333334,0,0,5,9,5,14.714285714285714,0,12.4,0.5,1.79,Enrolled
1,1,3,5,1,1,1,22,27,10,10,1,0,0,1,1,1,22,0,0,6,6,6,11.666666666666666,0,0,6,6,6,12.166666666666666,0,7.6,2.6,0.32,Enrolled
1,14,1,5,1,1,1,1,2,5,3,0,0,0,1,1,0,38,0,1,6,9,5,16.0,1,0,6,11,4,16.5,0,13.9,-0.3,0.79,Enrolled
1,12,1,12,1,1,1,1,27,10,10,1,0,0,1,1,0,27,0,0,7,7,7,14.085714285714284,0,0,7,7,7,14.085714285714284,0,7.6,2.6,0.32,Enrolled
1,16,1,7,1,1,1,2,27,3,10,1,0,0,1,1,0,19,0,0,5,10,0,0.0,0,0,5,7,1,10.0,0,7.6,2.6,0.32,Enrolled
1,8,1,7,1,1,1,13,14,10,10,0,0,0,1,1,0,20,0,0,5,6,5,15.8,0,0,5,8,5,13.714285714285714,0,11.1,0.6,2.02,Enrolled
1,8,4,7,1,1,1,22,14,10,5,1,0,0,1,1,0,18,0,0,5,8,4,12.5,0,0,5,7,3,14.666666666666666,1,7.6,2.6,0.32,Enrolled
1,14,1,14,1,1,1,3,14,5,9,0,0,0,1,1,0,19,0,0,6,17,4,12.5,0,0,6,8,4,13.25,0,13.9,-0.3,0.79,Enrolled
1,12,1,7,1,1,1,13,14,10,8,0,0,1,1,1,0,24,0,0,5,12,1,10.0,0,0,5,11,1,11.0,0,8.9,1.4,3.51,Enrolled
1,15,1,7,1,14,1,1,14,5,6,1,0,0,1,1,0,22,0,0,5,9,0,0.0,0,0,5,6,2,11.666666666666666,0,10.8,1.4,1.74,Enrolled
1,1,1,4,1,1,1,13,14,10,10,0,0,0,1,1,1,19,0,0,6,9,4,12.0,2,0,6,10,4,12.5,0,15.5,2.8,-4.06,Enrolled
1,1,1,2,1,1,1,1,1,8,5,1,0,1,1,1,0,23,0,13,17,19,13,12.153846153846152,0,10,17,28,11,11.909090909090908,1,11.1,0.6,2.02,Enrolled
1,1,1,15,1,1,1,3,2,5,7,1,0,0,0,1,0,29,0,0,6,8,6,16.5,0,0,6,6,5,13.8,0,11.1,0.6,2.02,Enrolled
1,15,1,4,1,1,1,1,1,5,6,0,0,0,1,1,0,20,0,0,6,11,6,11.285714285714286,0,0,6,12,5,11.77777777777778,0,16.2,0.3,-0.92,Enrolled
1,8,3,2,1,1,1,3,29,3,6,1,1,0,1,1,0,22,0,0,0,0,0,0.0,0,0,0,0,0,0.0,0,10.8,1.4,1.74,Enrolled
1,1,2,14,1,1,1,3,1,4,6,1,0,0,1,1,0,20,0,0,6,10,5,14.0,0,0,6,10,6,12.0,0,11.1,0.6,2.02,Enrolled
1,12,1,8,1,1,1,13,14,10,6,1,0,0,1,1,0,24,0,0,5,13,4,13.75,1,0,5,9,3,12.0,0,9.4,-0.8,-3.12,Enrolled
1,17,1,4,1,1,1,13,1,10,10,0,0,1,1,1,0,21,0,7,12,20,10,11.8,0,5,12,15,9,11.444444444444445,0,8.9,1.4,3.51,Enrolled
1,8,1,7,1,1,1,13,1,5,6,0,0,0,1,1,0,20,0,0,5,10,4,11.5,0,0,5,11,0,0.0,0,13.9,-0.3,0.79,Enrolled
1,1,5,15,1,1,1,22,3,6,3,1,0,0,1,1,0,22,0,0,6,10,5,13.4,0,0,6,12,3,10.666666666666666,0,9.4,-0.8,-3.12,Enrolled
1,1,1,9,1,1,1,23,14,10,6,0,0,0,1,1,0,18,0,0,5,11,2,13.5,0,0,5,11,3,12.333333333333334,0,8.9,1.4,3.51,Enrolled
1,14,1,15,1,1,1,13,28,10,8,1,0,0,1,1,0,22,0,0,6,17,3,11.333333333333334,3,0,6,14,3,12.333333333333334,0,15.5,2.8,-4.06,Enrolled
1,1,2,15,1,1,1,3,1,5,5,1,0,0,1,1,0,19,0,0,6,9,5,11.4,0,0,6,13,5,12.4,0,8.9,1.4,3.51,Enrolled
2,12,2,17,0,1,1,22,27,10,10,0,0,0,1,0,0,43,0,0,5,11,3,10.666666666666666,0,1,5,10,4,12.5,0,9.4,-0.8,-3.12,Enrolled
1,12,1,4,1,1,3,1,1,30,29,0,0,0,1,1,0,24,1,0,7,7,7,13.571428571428571,0,0,6,9,5,13.4,0,8.9,1.4,3.51,Enrolled
1,8,4,7,1,1,1,23,27,6,8,1,0,0,1,1,0,18,0,0,5,7,4,12.0,0,0,5,10,3,13.0,3,7.6,2.6,0.32,Enrolled
2,14,1,6,1,1,1,22,27,10,8,0,0,0,1,1,0,21,0,0,5,11,0,0.0,2,0,5,11,3,11.666666666666666,1,9.4,-0.8,-3.12,Enrolled
1,12,1,3,0,1,1,22,27,7,7,0,0,0,1,1,0,39,0,0,6,8,5,11.4,0,1,6,12,3,11.0,1,7.6,2.6,0.32,Enrolled
1,12,1,12,1,1,1,22,27,10,10,0,0,0,1,1,0,34,0,0,7,15,6,11.333333333333334,0,0,7,16,4,12.6,0,16.2,0.3,-0.92,Enrolled
1,1,1,2,1,1,1,1,28,6,10,0,0,1,0,1,0,18,0,0,0,0,0,0.0,0,0,0,0,0,0.0,0,9.4,-0.8,-3.12,Enrolled
1,6,1,2,1,1,12,1,1,3,10,0,0,0,1,1,0,21,1,6,12,12,12,15.083333333333334,0,4,11,15,11,13.083333333333334,0,8.9,1.4,3.51,Enrolled
1,1,1,9,1,1,1,13,27,5,9,0,0,0,1,1,0,27,0,0,5,12,3,10.0,0,0,5,12,1,13.0,0,7.6,2.6,0.32,Enrolled
1,1,1,7,1,1,1,22,27,10,10,1,0,0,1,1,0,18,0,0,5,7,4,10.0,0,0,5,8,1,16.0,0,10.8,1.4,1.74,Enrolled
1,15,1,4,1,14,1,22,27,10,2,0,0,0,1,1,1,20,0,0,6,11,5,13.833333333333334,0,0,6,13,6,12.3,0,15.5,2.8,-4.06,Enrolled
1,15,1,8,1,14,1,5,1,3,6,1,0,0,1,1,0,19,0,1,6,13,5,11.6,0,1,6,12,2,11.0,0,13.9,-0.3,0.79,Enrolled
1,1,1,11,1,1,1,13,28,10,10,1,0,0,1,1,0,23,0,0,6,8,6,12.666666666666666,0,0,6,10,5,12.2,0,7.6,2.6,0.32,Enrolled
1,14,1,2,1,1,1,3,3,3,3,1,0,0,1,1,0,22,0,0,0,0,0,0.0,0,0,0,0,0,0.0,0,7.6,2.6,0.32,Enrolled
1,8,6,9,1,1,1,13,28,6,7,1,0,0,1,1,0,20,0,0,5,7,3,12.666666666666666,1,0,5,12,2,12.5,0,9.4,-0.8,-3.12,Enrolled
1,8,2,15,1,1,1,1,1,5,5,1,0,0,1,1,0,20,0,0,6,11,3,13.666666666666666,0,0,6,13,4,10.25,0,9.4,-0.8,-3.12,Enrolled
1,1,2,9,1,1,1,1,1,10,7,0,0,0,1,1,0,19,0,0,5,9,5,10.8,0,0,5,13,2,13.5,0,8.9,1.4,3.51,Enrolled
1,6,1,12,1,1,20,3,2,14,5,1,0,0,1,0,0,18,1,0,7,15,4,11.575,0,0,7,10,5,12.419999999999998,0,12.4,0.5,1.79,Enrolled
1,8,4,7,1,1,15,1,1,29,36,1,0,0,1,1,0,20,1,0,5,10,4,14.25,0,0,5,14,1,10.0,0,8.9,1.4,3.51,Enrolled
1,8,1,8,1,1,1,2,14,3,7,1,0,0,1,0,1,18,0,0,6,7,6,12.833333333333334,1,0,6,8,6,13.0,0,8.9,1.4,3.51,Enrolled
1,8,2,16,1,1,1,3,1,2,6,1,0,0,1,0,0,19,0,0,6,8,5,11.4,1,0,6,7,4,10.75,0,12.7,3.7,-1.7,Enrolled
1,14,1,8,1,1,14,3,4,4,3,0,0,0,1,0,0,19,1,0,5,10,5,14.857142857142858,2,0,5,7,5,15.142857142857142,0,9.4,-0.8,-3.12,Enrolled
1,15,1,4,1,14,1,23,28,7,4,0,0,0,1,0,0,19,0,0,6,18,3,11.666666666666666,0,0,6,14,4,11.5,0,15.5,2.8,-4.06,Enrolled
1,8,3,5,1,1,1,3,3,5,5,1,0,0,1,0,1,20,0,0,6,6,6,12.5,0,0,6,6,6,14.333333333333334,0,12.7,3.7,-1.7,Enrolled
1,9,4,7,1,1,1,13,28,32,39,1,0,1,1,1,0,18,0,0,5,11,3,10.666666666666666,0,0,5,9,3,11.333333333333334,0,8.9,1.4,3.51,Enrolled
1,1,1,7,1,1,1,13,27,6,9,1,0,0,1,1,0,18,0,0,5,9,4,10.5,0,0,5,11,2,10.5,3,7.6,2.6,0.32,Enrolled
1,1,2,2,1,1,1,3,3,3,3,1,0,0,1,0,0,18,0,0,0,0,0,0.0,0,0,0,0,0,0.0,0,12.4,0.5,1.79,Enrolled
1,14,1,9,1,1,1,23,14,20,36,0,0,0,1,0,0,19,0,0,5,11,5,11.5,0,0,5,9,2,10.666666666666666,0,13.9,-0.3,0.79,Enrolled
1,1,1,10,1,1,1,23,1,3,5,0,0,0,1,0,0,20,0,0,6,11,1,12.0,0,0,5,10,0,0.0,0,9.4,-0.8,-3.12,Enrolled
1,12,1,3,0,1,1,13,1,10,9,0,0,0,1,0,0,26,0,0,6,14,3,10.666666666666666,1,0,6,9,5,11.2,0,15.5,2.8,-4.06,Enrolled
1,12,1,9,1,9,1,22,27,10,8,0,0,1,1,0,0,41,0,0,5,6,5,11.6,0,0,5,8,5,12.2,0,7.6,2.6,0.32,Enrolled
1,12,1,17,0,1,1,13,27,10,9,0,0,0,1,0,0,26,0,0,5,10,4,12.0,0,0,5,9,4,11.25,0,12.7,3.7,-1.7,Enrolled
1,9,2,9,1,1,1,1,27,6,6,1,0,0,1,0,0,21,0,0,5,8,3,12.0,1,0,5,9,3,12.666666666666666,0,9.4,-0.8,-3.12,Enrolled
1,1,4,9,1,1,1,1,14,5,7,1,0,0,1,0,0,24,0,0,5,11,2,10.5,0,0,5,14,1,11.0,0,12.7,3.7,-1.7,Enrolled
1,1,4,16,1,1,1,13,1,6,10,1,0,0,1,0,0,18,0,0,6,7,5,12.2,0,0,6,7,5,12.2,0,10.8,1.4,1.74,Enrolled
1,1,1,16,1,1,1,13,27,10,10,1,0,1,0,0,0,22,0,0,7,10,6,11.5,0,0,7,8,6,13.166666666666666,0,11.1,0.6,2.02,Enrolled
1,8,1,9,1,1,1,13,14,8,8,1,0,0,1,0,0,23,0,0,5,7,2,10.0,1,0,5,9,1,12.0,0,9.4,-0.8,-3.12,Enrolled
1,8,3,6,1,1,1,13,27,6,6,1,0,0,1,0,0,21,0,0,5,14,2,13.0,2,0,5,8,4,12.0,1,9.4,-0.8,-3.12,Enrolled
1,8,3,16,1,1,1,23,28,8,8,1,0,0,1,0,0,18,0,0,6,8,5,13.4,0,0,6,7,5,12.0,0,7.6,2.6,0.32,Enrolled
1,8,1,11,1,1,1,1,1,5,10,1,0,0,1,0,0,22,0,0,6,14,4,12.25,0,0,6,11,3,11.333333333333334,0,7.6,2.6,0.32,Enrolled
1,13,1,5,1,1,1,3,2,3,3,0,0,0,1,0,0,29,0,9,10,15,9,11.555555555555555,0,7,11,17,10,11.9,0,9.4,-0.8,-3.12,Enrolled
1,1,1,12,1,1,1,1,14,5,5,0,0,0,1,1,0,19,0,0,7,7,7,12.2,0,0,7,7,7,12.2,0,7.6,2.6,0.32,Enrolled
1,1,1,9,1,1,1,1,14,8,8,0,0,0,1,1,1,18,0,0,5,10,4,10.8,0,0,5,10,4,11.75,0,15.5,2.8,-4.06,Enrolled
1,12,9,17,0,1,1,23,28,10,6,0,0,0,1,1,0,28,0,0,5,7,4,12.75,0,0,5,7,5,14.333333333333334,0,10.8,1.4,1.74,Enrolled
1,1,1,14,1,1,1,1,14,8,6,1,0,0,1,1,0,20,0,0,6,10,6,12.714285714285714,0,0,6,8,4,13.0,0,12.4,0.5,1.79,Enrolled
1,14,1,5,1,1,1,3,29,4,8,0,0,0,1,1,0,26,0,5,7,8,7,13.285714285714286,0,3,8,11,7,12.142857142857142,0,12.4,0.5,1.79,Enrolled
1,1,1,12,1,1,1,3,1,3,9,0,0,0,1,1,0,20,0,0,7,10,5,13.976666666666668,0,0,8,9,8,13.22222222222222,0,12.4,0.5,1.79,Enrolled
1,8,2,16,1,1,1,1,14,10,10,1,0,0,1,1,1,20,0,0,6,6,6,12.0,0,0,6,7,6,12.5,0,7.6,2.6,0.32,Enrolled
2,12,1,12,1,12,1,22,28,10,8,1,0,0,1,1,0,43,0,0,8,8,7,11.635714285714286,0,0,8,8,7,11.635714285714286,0,10.8,1.4,1.74,Enrolled
1,8,5,7,1,1,1,13,14,6,6,1,0,1,1,1,0,18,0,0,5,9,4,12.5,0,0,5,11,5,11.285714285714286,0,12.4,0.5,1.79,Enrolled
2,12,1,17,0,1,1,19,24,13,13,0,0,0,1,1,0,40,0,0,5,9,3,11.0,0,0,5,8,4,12.5,1,7.6,2.6,0.32,Enrolled
1,1,1,11,1,1,1,22,27,2,2,0,0,0,1,1,0,27,0,0,6,6,6,10.666666666666666,0,0,6,8,4,11.25,0,10.8,1.4,1.74,Enrolled
1,15,1,4,1,14,1,23,1,19,25,1,0,1,1,1,0,26,0,0,6,6,0,0.0,0,0,6,7,0,0.0,0,8.9,1.4,3.51,Enrolled
1,1,2,7,1,1,1,1,28,20,43,1,0,0,1,1,0,20,0,0,5,7,5,10.8,0,0,5,9,3,12.0,0,8.9,1.4,3.51,Enrolled
1,16,1,9,1,1,1,13,28,10,9,0,0,0,1,1,0,20,0,0,5,7,5,11.0,0,0,5,7,3,10.0,0,8.9,1.4,3.51,Enrolled
1,1,1,7,1,1,1,22,14,10,10,1,0,1,1,1,0,20,0,0,5,7,0,0.0,0,0,5,5,0,0.0,0,9.4,-0.8,-3.12,Enrolled
1,12,1,12,1,1,1,1,2,22,21,0,0,1,1,1,0,30,0,0,7,12,4,14.4,0,0,7,9,6,13.5,0,12.4,0.5,1.79,Enrolled
1,8,1,14,1,1,1,13,14,29,36,0,0,1,0,1,0,21,0,0,6,11,4,12.25,0,0,6,9,4,13.4,0,11.1,0.6,2.02,Enrolled
1,8,1,14,1,1,1,1,1,5,5,0,0,0,1,1,0,19,0,0,5,10,0,0.0,0,0,5,5,0,0.0,0,7.6,2.6,0.32,Enrolled
4,12,1,13,1,1,1,13,3,10,3,0,0,0,1,0,0,25,0,0,7,14,7,11.95,0,0,8,15,7,12.042857142857144,0,12.7,3.7,-1.7,Enrolled
2,12,2,13,1,1,1,13,28,10,10,0,0,0,1,0,1,26,0,0,7,7,0,0.0,0,0,8,8,0,0.0,6,10.8,1.4,1.74,Enrolled
1,8,2,9,1,1,1,2,3,3,3,1,0,0,1,0,0,19,0,0,5,10,3,11.0,0,0,5,9,4,11.75,0,12.7,3.7,-1.7,Enrolled
1,14,1,6,1,1,1,3,3,3,6,0,0,0,1,0,0,21,0,0,6,11,4,11.75,0,0,6,12,3,13.666666666666666,0,13.9,-0.3,0.79,Enrolled
1,1,1,8,1,1,1,4,5,3,3,1,0,0,1,0,0,21,0,0,5,12,1,11.0,0,0,5,9,2,10.5,0,12.7,3.7,-1.7,Enrolled
1,12,1,6,1,1,1,4,1,3,10,0,0,0,0,0,0,26,0,0,6,8,6,15.428571428571429,0,0,6,7,5,14.5,0,11.1,0.6,2.02,Enrolled
1,1,1,12,1,1,1,13,14,5,5,1,0,0,1,0,0,20,0,0,8,8,7,14.014285714285714,0,0,8,8,7,14.014285714285714,0,12.7,3.7,-1.7,Enrolled
1,8,2,10,1,1,1,1,14,5,11,1,1,0,1,0,0,18,0,0,6,15,2,10.333333333333334,3,0,6,13,3,13.333333333333334,0,12.7,3.7,-1.7,Enrolled
1,1,1,12,1,1,1,22,28,29,35,1,0,1,1,1,0,20,0,0,7,7,7,12.401428571428571,0,0,8,10,6,11.808333333333332,0,11.1,0.6,2.02,Enrolled
1,15,1,4,1,14,1,23,14,4,6,0,0,0,1,1,0,23,0,0,6,6,0,0.0,0,0,6,8,0,0.0,0,15.5,2.8,-4.06,Enrolled
1,15,1,4,1,14,1,2,3,10,7,0,0,0,1,1,0,20,0,0,6,12,4,10.8,0,0,6,13,4,12.0,0,12.4,0.5,1.79,Enrolled
1,14,1,3,0,1,1,22,27,10,6,0,0,0,1,0,0,45,0,5,9,13,8,11.0,0,3,7,10,6,10.833333333333334,0,12.7,3.7,-1.7,Enrolled
1,12,1,3,0,12,1,22,27,6,6,1,0,0,1,0,1,26,0,0,6,10,3,12.333333333333334,0,0,6,14,3,11.666666666666666,0,7.6,2.6,0.32,Enrolled
1,12,1,17,0,1,1,22,27,10,10,0,0,0,1,0,0,25,0,0,5,8,3,11.0,0,0,5,8,3,11.25,0,10.8,1.4,1.74,Enrolled
1,1,1,12,1,1,1,13,27,4,9,1,0,0,1,1,0,19,0,0,8,10,5,12.858,3,0,8,10,5,12.858,3,9.4,-0.8,-3.12,Enrolled
1,1,4,12,1,1,1,10,1,6,11,0,0,0,1,0,1,19,0,0,7,9,5,14.06,0,0,7,9,7,11.242857142857142,0,12.4,0.5,1.79,Enrolled
1,8,2,2,1,1,1,13,27,10,10,1,0,0,1,0,1,18,0,0,0,0,0,0.0,0,0,0,0,0,0.0,0,12.7,3.7,-1.7,Enrolled
1,14,2,14,1,1,1,3,3,6,6,1,0,0,1,0,0,19,0,0,5,5,4,13.75,0,0,6,9,5,12.6,0,12.7,3.7,-1.7,Enrolled
1,14,1,15,1,1,1,13,27,6,6,1,0,0,1,0,0,23,0,0,6,11,3,11.333333333333334,0,0,6,7,2,11.0,0,16.2,0.3,-0.92,Enrolled
1,1,1,10,1,1,1,22,27,10,8,1,0,0,1,0,0,20,0,0,6,7,5,13.2,0,0,6,6,6,12.666666666666666,0,10.8,1.4,1.74,Enrolled
1,1,3,14,1,1,1,22,27,8,8,1,0,0,1,1,0,19,0,0,5,7,3,11.333333333333334,0,0,5,7,4,11.0,0,9.4,-0.8,-3.12,Enrolled
4,12,1,17,0,1,1,22,27,10,10,0,0,0,1,1,0,29,0,0,5,5,0,0.0,0,0,5,5,0,0.0,0,7.6,2.6,0.32,Enrolled
1,1,1,14,1,1,1,10,10,6,8,1,0,0,1,0,0,18,0,0,6,8,6,14.625,0,0,6,9,6,14.142857142857142,0,11.1,0.6,2.02,Enrolled
1,1,3,12,1,1,1,1,14,17,40,1,0,0,1,0,0,19,0,0,7,12,4,13.375,0,0,7,8,6,12.116666666666667,0,12.4,0.5,1.79,Enrolled
1,1,1,9,1,1,1,22,27,10,8,0,0,0,1,0,1,19,0,0,5,6,4,11.0,0,0,5,9,4,13.857142857142858,0,10.8,1.4,1.74,Enrolled
1,14,1,15,1,1,1,13,1,6,6,1,0,0,1,0,0,18,0,0,6,6,0,0.0,0,0,6,10,3,11.0,0,16.2,0.3,-0.92,Enrolled
1,8,1,14,1,1,1,1,1,5,5,1,0,0,1,0,1,19,0,0,6,7,6,13.285714285714286,0,0,6,9,5,14.6,0,12.4,0.5,1.79,Enrolled
1,1,5,12,1,1,1,3,14,5,9,1,0,0,1,0,0,19,0,0,7,11,5,11.716666666666669,0,0,7,8,5,13.7,0,13.9,-0.3,0.79,Enrolled
1,1,2,5,1,1,1,3,4,3,3,1,0,0,1,0,0,18,0,0,6,6,6,12.333333333333334,0,0,6,6,6,12.833333333333334,0,7.6,2.6,0.32,Enrolled
1,8,3,9,1,1,1,1,1,5,8,1,0,0,1,0,0,18,0,0,5,5,5,12.6,0,0,5,5,4,11.0,0,11.1,0.6,2.02,Enrolled
2,12,1,4,1,1,1,3,3,3,3,0,0,1,0,0,0,34,0,1,6,10,6,14.333333333333334,0,0,6,9,6,12.833333333333334,0,11.1,0.6,2.02,Enrolled
1,1,2,14,1,1,1,22,27,10,10,0,0,0,1,0,0,22,0,0,5,8,3,12.0,0,0,5,9,2,11.0,1,7.6,2.6,0.32,Enrolled
2,12,2,9,1,1,1,22,27,10,9,0,0,0,1,0,0,50,0,0,5,12,3,13.333333333333334,1,0,5,8,5,12.2,0,9.4,-0.8,-3.12,Enrolled
1,12,1,6,1,1,1,22,27,7,7,0,0,0,1,0,1,25,0,0,6,13,3,11.666666666666666,0,0,6,14,2,11.333333333333334,0,11.1,0.6,2.02,Enrolled
2,12,1,17,0,1,1,22,27,10,10,0,0,0,1,0,0,50,0,0,5,9,2,10.5,0,0,5,7,3,11.0,0,12.7,3.7,-1.7,Enrolled
4,14,1,3,0,9,1,19,24,1,1,1,0,0,1,0,0,48,0,0,6,9,5,13.0,0,0,6,10,4,12.5,0,7.6,2.6,0.32,Enrolled
2,12,1,9,1,1,1,22,27,10,11,0,0,0,1,0,0,41,0,0,5,14,4,14.5,1,0,5,12,5,13.0,0,9.4,-0.8,-3.12,Enrolled
2,14,1,17,0,1,1,23,27,6,7,0,0,0,1,0,0,28,0,6,10,15,6,10.666666666666666,0,5,10,17,9,11.333333333333334,1,7.6,2.6,0.32,Enrolled
1,16,1,9,1,1,1,1,27,10,11,0,0,0,1,0,0,53,0,14,15,15,15,11.8,0,12,13,13,12,11.666666666666666,1,8.9,1.4,3.51,Enrolled
1,12,1,3,0,1,1,22,27,10,8,0,0,0,1,0,0,49,0,0,6,9,5,12.333333333333334,0,0,6,12,4,11.5,0,13.9,-0.3,0.79,Enrolled
1,14,1,10,1,1,1,13,14,6,6,1,0,0,1,0,0,22,0,5,10,15,8,11.0,0,2,7,16,5,11.2,0,9.4,-0.8,-3.12,Enrolled
1,12,1,17,0,1,1,22,27,7,7,0,0,0,1,0,0,40,0,0,5,9,4,11.25,0,0,5,6,5,12.0,0,13.9,-0.3,0.79,Enrolled
2,14,1,17,0,2,1,22,27,10,9,0,0,0,1,0,0,36,0,8,12,21,11,11.5,0,7,12,22,12,11.4375,0,9.4,-0.8,-3.12,Enrolled
6,12,1,3,0,1,1,22,27,10,10,0,0,0,1,0,1,48,0,0,6,7,6,10.666666666666666,0,0,6,9,5,11.8,0,10.8,1.4,1.74,Enrolled
1,12,1,3,0,1,1,13,27,5,6,0,0,0,1,0,0,34,0,0,6,6,4,13.25,0,0,6,6,0,0.0,0,12.7,3.7,-1.7,Enrolled
1,1,3,12,1,1,1,1,1,5,5,1,0,0,1,0,0,19,0,0,8,10,1,13.67,7,0,8,10,1,13.67,7,9.4,-0.8,-3.12,Enrolled
2,12,1,17,0,1,1,22,27,10,4,0,0,0,1,0,0,34,0,0,5,9,4,11.0,0,0,5,10,4,10.75,1,7.6,2.6,0.32,Enrolled
2,12,2,13,1,1,19,1,3,10,3,1,0,0,1,0,0,28,1,0,7,9,7,12.428571428571429,0,0,8,8,8,12.3,0,12.4,0.5,1.79,Enrolled
2,12,2,14,1,1,1,22,27,10,10,0,0,0,1,0,0,35,0,0,5,8,5,11.4,0,0,5,7,3,12.333333333333334,0,9.4,-0.8,-3.12,Enrolled
1,8,4,12,1,1,1,4,1,3,2,1,0,0,1,0,0,18,0,0,8,8,0,0.0,5,0,8,8,0,0.0,5,9.4,-0.8,-3.12,Enrolled
1,3,1,6,1,1,1,1,1,5,5,0,0,0,1,0,0,18,0,0,5,9,3,12.0,1,0,5,6,4,13.0,0,7.6,2.6,0.32,Enrolled
1,14,2,16,1,1,1,13,1,6,5,1,0,0,1,0,0,20,0,0,6,10,4,12.25,0,0,6,8,4,11.5,0,10.8,1.4,1.74,Enrolled
1,1,2,11,1,1,1,23,14,10,8,1,0,0,1,0,0,18,0,0,6,10,4,11.75,0,0,6,9,5,11.2,0,7.6,2.6,0.32,Enrolled
1,8,1,9,1,1,1,3,3,3,3,0,0,0,1,0,0,20,0,0,5,10,4,11.0,0,0,5,7,4,11.5,0,15.5,2.8,-4.06,Enrolled
1,12,1,12,1,1,1,3,14,3,6,0,0,0,1,0,0,24,0,0,8,12,7,12.714285714285714,0,0,8,12,7,12.714285714285714,0,12.7,3.7,-1.7,Enrolled
1,8,5,9,1,1,1,1,28,5,6,1,0,0,1,0,1,19,0,0,5,12,2,10.0,0,0,5,11,4,11.75,0,11.1,0.6,2.02,Enrolled
1,1,4,15,1,1,1,3,14,3,4,1,1,0,1,0,0,18,0,0,6,10,6,12.571428571428571,0,0,6,11,6,12.571428571428571,0,10.8,1.4,1.74,Enrolled
1,8,5,12,1,1,1,13,1,10,5,1,0,0,1,0,0,18,0,0,7,8,6,13.39,0,0,8,10,7,12.757142857142856,0,11.1,0.6,2.02,Enrolled
1,1,1,6,1,1,1,1,1,10,8,0,0,0,1,0,0,19,0,0,5,7,3,12.333333333333334,0,0,5,7,4,10.25,0,7.6,2.6,0.32,Enrolled
1,13,1,9,1,1,1,3,28,3,6,1,0,0,1,0,0,19,0,0,5,8,2,11.5,0,0,5,10,3,10.857142857142858,0,10.8,1.4,1.74,Enrolled
1,1,2,15,1,1,1,13,14,6,7,0,0,0,1,0,0,19,0,0,6,6,6,15.0,0,0,6,7,6,14.0,0,15.5,2.8,-4.06,Enrolled
1,1,3,12,1,1,3,2,3,6,3,1,0,0,1,0,0,19,1,0,7,9,5,12.32,0,0,7,9,5,11.9,0,12.4,0.5,1.79,Enrolled
1,1,3,14,1,1,1,1,14,6,6,1,0,0,1,1,1,20,0,0,6,7,6,11.333333333333334,0,0,6,10,4,10.571428571428571,0,10.8,1.4,1.74,Enrolled
1,12,1,7,1,1,1,13,27,10,5,1,0,0,1,1,0,33,0,0,5,10,4,12.0,0,0,5,8,3,13.666666666666666,1,7.6,2.6,0.32,Enrolled
1,1,1,14,1,1,1,4,2,15,17,1,0,0,1,1,0,20,0,0,6,8,5,12.8,0,0,6,10,5,11.6,0,13.9,-0.3,0.79,Enrolled
1,14,1,7,1,1,1,1,1,10,3,0,0,1,0,1,0,27,0,0,5,5,0,0.0,0,0,5,7,0,0.0,0,13.9,-0.3,0.79,Enrolled
2,4,1,9,1,3,1,13,1,10,10,0,0,0,1,0,0,33,0,5,8,10,6,12.833333333333334,0,2,5,8,4,12.0,0,11.1,0.6,2.02,Enrolled
1,8,1,16,1,1,1,23,28,10,8,1,0,0,1,0,1,20,0,0,6,10,5,13.2,0,0,6,12,5,12.833333333333334,0,9.4,-0.8,-3.12,Enrolled
1,1,1,10,1,1,1,22,27,10,10,1,0,0,1,0,0,19,0,0,6,11,5,11.6,0,0,6,11,6,11.666666666666666,0,7.6,2.6,0.32,Enrolled
1,1,5,15,1,1,1,23,1,5,6,1,0,0,1,0,0,18,0,0,6,6,6,13.166666666666666,0,0,6,6,6,12.5,0,15.5,2.8,-4.06,Enrolled
1,1,1,14,1,1,1,3,28,3,10,1,0,0,1,0,0,19,0,0,6,7,5,12.6,0,0,6,10,5,12.375,0,10.8,1.4,1.74,Enrolled
1,1,1,6,1,1,1,23,27,2,2,1,0,0,1,0,0,21,0,0,5,8,3,11.333333333333334,1,0,5,8,3,13.333333333333334,0,12.7,3.7,-1.7,Enrolled
1,8,5,14,1,1,1,13,21,8,8,1,0,0,1,0,1,19,0,0,5,8,3,10.5,0,0,5,6,4,11.75,1,7.6,2.6,0.32,Enrolled
1,8,1,10,1,1,1,22,14,10,9,1,0,0,1,0,0,21,0,0,6,11,6,10.375,0,0,6,12,3,11.666666666666666,0,12.7,3.7,-1.7,Enrolled
1,1,6,12,1,1,1,1,1,5,5,1,0,0,1,0,0,21,0,0,7,8,6,13.25,0,0,8,8,8,13.8375,0,13.9,-0.3,0.79,Enrolled
1,8,1,12,1,1,1,2,28,3,11,1,0,0,1,0,0,18,0,0,7,9,7,12.50625,0,0,8,15,5,13.2,0,13.9,-0.3,0.79,Enrolled
1,1,1,16,1,1,1,13,28,3,8,1,0,0,1,0,1,19,0,0,6,9,5,12.2,0,0,6,10,4,11.5,0,7.6,2.6,0.32,Enrolled
1,1,5,12,1,1,1,1,1,4,5,0,0,0,1,0,0,20,0,0,7,9,5,12.04,0,0,7,9,6,11.77142857142857,0,12.4,0.5,1.79,Enrolled
1,8,3,9,1,1,1,23,14,8,8,0,0,0,1,0,0,20,0,0,5,7,5,11.166666666666666,0,0,5,9,4,10.75,0,15.5,2.8,-4.06,Enrolled
1,1,1,8,1,1,1,1,1,10,10,1,0,0,1,0,0,20,0,0,5,10,4,12.5,0,0,5,12,2,13.0,0,12.7,3.7,-1.7,Enrolled
1,1,5,12,1,1,1,1,1,4,9,1,0,0,1,0,0,18,0,0,7,9,6,12.183333333333332,0,0,7,9,6,11.783333333333331,0,16.2,0.3,-0.92,Enrolled
1,1,2,9,1,1,1,22,27,10,10,0,0,0,1,0,0,18,0,0,5,8,2,10.0,0,0,5,9,3,11.333333333333334,0,7.6,2.6,0.32,Enrolled
1,8,1,11,1,1,1,1,1,5,5,1,0,0,1,1,0,21,0,0,6,11,6,11.166666666666666,0,0,6,14,3,14.666666666666666,0,7.6,2.6,0.32,Enrolled
1,14,1,5,1,1,1,13,14,10,10,1,0,0,1,1,1,20,0,0,6,8,3,11.0,0,0,6,8,2,11.333333333333334,0,10.8,1.4,1.74,Enrolled
1,8,5,10,1,1,1,13,27,6,8,1,0,0,1,0,1,19,0,0,6,9,5,11.333333333333334,0,0,6,6,6,10.833333333333334,0,13.9,-0.3,0.79,Enrolled
1,14,1,12,1,1,1,13,28,10,8,1,0,0,1,1,1,19,0,0,7,8,5,11.2,0,0,7,8,5,11.2,0,7.6,2.6,0.32,Enrolled
1,12,1,7,1,1,1,22,3,10,4,1,0,0,1,1,0,28,0,0,5,11,4,10.5,0,0,5,12,4,11.0,4,7.6,2.6,0.32,Enrolled
1,1,2,9,1,1,1,1,28,5,6,0,0,0,1,1,0,21,0,0,5,10,3,11.25,0,0,5,9,3,11.0,0,15.5,2.8,-4.06,Enrolled
1,16,1,17,0,1,1,23,3,6,4,0,0,1,1,1,0,24,0,3,10,15,7,10.714285714285714,0,3,10,11,9,12.555555555555555,0,12.4,0.5,1.79,Enrolled
1,13,1,4,1,1,1,1,3,5,3,1,0,0,1,1,0,23,0,0,6,14,5,12.0,0,0,6,12,5,12.142857142857142,0,15.5,2.8,-4.06,Enrolled
1,1,1,15,1,1,1,5,3,5,5,1,0,0,1,1,0,20,0,0,6,7,6,12.166666666666666,0,0,6,9,3,12.0,0,12.4,0.5,1.79,Enrolled
1,1,1,2,1,1,1,2,2,4,3,1,0,0,1,1,0,18,0,0,0,0,0,0.0,0,0,0,0,0,0.0,0,7.6,2.6,0.32,Enrolled
1,14,1,3,0,1,1,22,27,10,10,0,0,0,1,0,0,23,0,9,13,15,9,11.0,0,4,11,12,7,11.571428571428571,0,15.5,2.8,-4.06,Enrolled
1,15,1,6,1,14,1,13,28,32,44,1,0,0,1,0,0,23,0,0,6,11,4,11.5,0,0,6,12,4,12.2,0,8.9,1.4,3.51,Enrolled
2,12,1,9,1,1,1,22,27,10,10,0,0,0,1,0,0,39,0,0,5,8,4,11.25,0,0,5,8,4,11.5,0,11.1,0.6,2.02,Enrolled
1,1,1,14,1,1,1,22,14,10,10,1,0,0,1,0,0,22,0,0,5,7,3,12.666666666666666,0,0,5,6,4,12.0,0,7.6,2.6,0.32,Enrolled
4,12,1,17,0,1,1,22,27,10,10,0,0,0,1,0,0,30,0,0,5,10,3,10.666666666666666,0,0,5,8,5,10.4,0,12.7,3.7,-1.7,Enrolled
2,12,1,17,0,14,1,23,14,10,6,0,0,0,1,0,1,35,0,0,5,9,3,11.666666666666666,0,0,5,7,5,11.8,0,12.7,3.7,-1.7,Enrolled
1,14,1,12,1,1,1,22,27,10,7,1,0,0,1,0,0,26,0,0,7,8,6,12.0,0,0,7,8,6,12.0,0,7.6,2.6,0.32,Enrolled
2,17,1,9,1,16,1,13,14,28,31,0,0,0,1,0,0,30,0,6,11,20,9,12.22222222222222,0,3,9,16,9,11.6,0,8.9,1.4,3.51,Enrolled
2,12,1,17,0,1,1,22,27,10,7,0,0,1,1,1,0,25,0,0,5,8,4,11.0,0,0,5,7,4,12.0,0,7.6,2.6,0.32,Enrolled
1,8,3,12,1,1,1,13,3,10,6,1,0,0,1,0,0,18,0,0,8,8,7,13.68142857142857,0,0,8,8,7,13.68142857142857,0,10.8,1.4,1.74,Enrolled
1,14,1,12,1,1,1,23,14,10,11,0,0,0,1,0,0,23,0,0,7,11,6,12.1,0,0,7,7,6,12.616666666666667,0,16.2,0.3,-0.92,Enrolled
1,8,2,12,1,1,1,22,27,8,8,1,0,0,1,0,1,18,0,0,7,10,5,11.94,0,0,7,8,6,12.8,0,11.1,0.6,2.02,Enrolled
1,16,1,5,1,9,1,22,14,4,8,0,0,1,1,0,0,31,0,2,6,8,5,11.0,0,4,6,12,6,10.166666666666666,0,8.9,1.4,3.51,Enrolled
1,1,1,11,1,1,1,1,1,10,11,0,0,0,1,1,0,20,0,0,6,8,6,12.857142857142858,0,0,6,9,5,12.4,0,8.9,1.4,3.51,Enrolled
1,1,1,2,1,1,1,1,3,3,3,0,0,0,1,1,0,19,0,4,10,10,5,11.0,0,2,7,8,2,10.0,0,8.9,1.4,3.51,Enrolled
5,12,1,7,1,1,1,22,27,10,10,0,0,1,1,1,1,34,0,0,5,14,1,17.0,0,0,5,10,2,11.0,0,9.4,-0.8,-3.12,Enrolled
1,8,1,9,1,1,1,1,1,5,5,0,0,0,1,1,0,21,0,0,5,5,5,11.0,0,0,5,11,3,11.428571428571429,0,10.8,1.4,1.74,Enrolled
1,8,4,15,1,1,1,3,1,3,8,1,0,0,1,1,0,21,0,0,6,7,0,0.0,0,0,6,11,1,10.0,0,10.8,1.4,1.74,Enrolled
1,8,1,14,1,1,1,1,1,5,4,0,0,0,1,1,0,24,0,0,6,6,4,11.25,0,0,6,9,4,10.428571428571429,0,10.8,1.4,1.74,Enrolled
1,8,1,14,1,1,1,1,1,5,9,0,0,1,0,1,0,20,0,0,6,7,5,12.4,0,0,6,8,4,13.0,0,13.9,-0.3,0.79,Enrolled
1,1,1,7,1,1,1,22,27,10,7,0,0,0,1,1,0,19,0,0,5,7,1,13.0,0,0,5,7,2,10.0,0,9.4,-0.8,-3.12,Enrolled
1,1,1,3,0,1,1,3,1,3,10,1,0,0,1,1,0,26,0,0,6,6,6,11.833333333333334,0,0,6,6,6,11.666666666666666,0,10.8,1.4,1.74,Enrolled
1,15,1,7,1,14,1,3,14,4,5,0,0,0,1,1,0,20,0,0,5,12,1,13.0,0,0,5,8,3,12.6,0,12.4,0.5,1.79,Enrolled
1,1,1,9,1,1,1,1,27,10,10,1,0,0,1,0,0,21,0,0,5,8,4,11.0,0,0,5,8,5,12.0,0,7.6,2.6,0.32,Enrolled
1,1,1,17,0,1,1,22,27,10,4,0,0,0,1,1,0,26,0,0,5,11,2,11.5,0,0,5,10,3,12.0,0,7.6,2.6,0.32,Enrolled
1,1,6,12,1,1,1,13,27,10,10,1,0,0,1,0,1,19,0,0,8,8,7,14.06,0,0,8,8,7,14.06,0,10.8,1.4,1.74,Enrolled
2,1,1,9,1,1,1,13,27,10,10,0,0,0,1,0,0,19,0,0,5,6,4,11.25,0,0,5,10,3,11.714285714285714,0,10.8,1.4,1.74,Enrolled
1,1,1,6,1,1,1,22,27,10,10,1,0,0,1,0,0,19,0,0,5,10,2,14.5,1,0,5,9,3,11.333333333333334,0,12.7,3.7,-1.7,Enrolled
1,14,1,10,1,1,1,13,27,6,6,0,0,0,1,0,1,21,0,0,6,15,2,10.5,0,0,6,8,5,12.4,0,10.8,1.4,1.74,Enrolled
1,1,2,9,1,1,1,23,14,4,8,1,0,0,1,0,0,19,0,0,5,8,4,12.8,0,0,5,10,3,14.5,0,10.8,1.4,1.74,Enrolled
1,14,1,9,1,1,1,3,14,3,10,0,0,0,1,0,0,18,0,0,5,5,0,0.0,0,0,5,9,4,13.25,2,16.2,0.3,-0.92,Enrolled
1,1,1,14,1,1,1,22,14,8,8,0,0,0,1,0,0,20,0,0,6,9,6,13.571428571428571,0,0,6,10,5,13.6,0,15.5,2.8,-4.06,Enrolled
2,14,1,17,0,1,1,22,27,10,10,0,0,0,1,0,0,32,0,1,5,5,5,10.2,0,0,5,9,4,11.25,0,9.4,-0.8,-3.12,Enrolled
1,7,3,16,1,1,1,13,27,10,10,1,0,0,1,0,0,19,0,0,6,8,5,12.2,0,0,6,8,5,11.8,0,10.8,1.4,1.74,Enrolled
1,3,1,14,1,1,1,1,10,5,5,1,0,0,1,0,0,19,0,0,6,7,6,13.428571428571429,0,0,6,6,4,14.0,0,12.4,0.5,1.79,Enrolled
1,8,1,9,1,1,1,23,28,8,6,0,0,0,1,0,0,18,0,0,5,9,1,11.0,1,0,5,10,0,0.0,0,9.4,-0.8,-3.12,Enrolled
1,8,6,12,1,1,1,3,28,3,10,1,0,0,1,0,0,20,0,0,7,8,6,13.548333333333334,0,0,8,11,6,14.775,0,11.1,0.6,2.02,Enrolled
1,1,1,15,1,1,1,3,3,3,6,0,0,0,1,0,0,19,0,0,6,6,6,12.166666666666666,0,0,6,6,6,12.5,0,16.2,0.3,-0.92,Enrolled
1,9,1,9,1,1,1,23,28,6,6,1,0,0,1,0,0,24,0,0,5,5,5,10.8,0,0,5,11,2,11.0,0,10.8,1.4,1.74,Enrolled
1,14,1,17,0,1,1,22,27,10,9,1,0,0,1,0,0,29,0,8,13,16,8,10.5,0,8,12,19,9,10.333333333333334,0,9.4,-0.8,-3.12,Enrolled
1,8,1,13,1,1,1,1,28,5,10,0,0,0,1,0,0,19,0,0,7,10,6,11.15,0,0,7,7,7,12.814285714285717,0,12.7,3.7,-1.7,Enrolled
1,1,1,14,1,1,1,23,14,5,9,0,0,0,1,0,0,19,0,0,6,8,3,11.666666666666666,0,0,6,11,5,13.625,0,10.8,1.4,1.74,Enrolled
1,12,1,17,0,1,1,22,27,10,10,0,0,0,1,0,0,24,0,0,5,9,5,12.285714285714286,0,0,5,8,5,12.125,0,16.2,0.3,-0.92,Enrolled
1,12,1,12,1,1,1,13,14,6,7,0,0,1,1,0,0,28,0,0,7,12,4,13.375,0,0,7,7,5,13.5,0,13.9,-0.3,0.79,Enrolled
4,14,1,12,1,1,1,22,27,10,10,0,0,0,1,0,0,38,0,1,8,12,5,13.126,1,1,8,12,5,13.126,1,10.8,1.4,1.74,Enrolled
1,1,1,16,1,1,1,1,27,10,10,1,0,0,1,0,0,19,0,0,6,11,3,10.333333333333334,0,0,6,10,5,11.8,0,9.4,-0.8,-3.12,Enrolled
1,1,1,9,1,1,1,23,14,4,11,1,0,0,1,0,0,20,0,0,5,5,4,12.0,0,0,4,4,2,11.5,0,7.6,2.6,0.32,Enrolled
1,1,1,17,0,1,1,22,27,10,10,0,0,0,1,0,0,29,0,0,5,11,5,11.4,0,0,5,10,4,10.25,0,15.5,2.8,-4.06,Enrolled
1,1,5,12,1,1,1,22,27,8,8,1,0,0,1,0,1,19,0,0,8,8,7,12.771428571428572,1,0,8,8,7,12.771428571428572,1,9.4,-0.8,-3.12,Enrolled
1,12,1,10,1,1,1,23,1,10,4,0,0,1,1,1,0,28,0,2,8,15,7,11.0,0,0,6,17,1,10.0,0,10.8,1.4,1.74,Enrolled
1,12,1,4,1,1,1,1,27,29,44,0,0,0,1,1,0,27,0,0,6,6,0,0.0,0,0,6,6,0,0.0,0,11.1,0.6,2.02,Enrolled
1,1,1,9,1,1,1,13,14,10,8,1,0,0,1,1,1,18,0,0,5,7,4,11.25,0,0,5,6,4,12.25,0,12.4,0.5,1.79,Enrolled
1,15,1,8,1,14,1,1,14,5,8,0,0,0,1,1,0,20,0,2,6,12,5,12.4,0,1,6,11,2,15.0,0,13.9,-0.3,0.79,Enrolled
1,14,1,15,1,1,1,1,1,5,6,1,0,0,1,1,0,23,0,0,6,15,1,13.0,0,0,6,8,4,11.25,0,9.4,-0.8,-3.12,Enrolled
1,14,4,14,1,1,1,3,3,5,5,0,0,0,1,1,0,21,0,0,5,11,2,10.0,0,0,5,10,3,10.333333333333334,0,9.4,-0.8,-3.12,Enrolled
2,12,1,17,0,1,1,1,4,5,3,0,0,0,1,1,0,34,0,0,5,5,5,14.2,0,0,5,5,5,14.6,0,12.7,3.7,-1.7,Enrolled
1,1,1,12,1,1,1,10,1,5,11,0,0,0,1,1,0,20,0,0,7,9,5,12.7,0,0,8,9,7,13.475,0,13.9,-0.3,0.79,Enrolled
1,13,1,4,1,14,1,3,1,3,7,1,0,0,1,1,0,24,0,4,9,13,8,13.333333333333334,0,5,10,12,9,13.11111111111111,0,16.2,0.3,-0.92,Enrolled
1,12,1,17,0,1,1,22,28,10,5,0,0,0,1,1,0,39,0,0,5,7,4,12.25,0,0,5,7,4,12.75,0,15.5,2.8,-4.06,Enrolled
1,8,1,6,1,1,1,13,28,5,9,0,0,0,0,1,0,19,0,0,6,11,5,13.6,0,0,6,11,5,13.666666666666666,0,11.1,0.6,2.02,Enrolled
1,12,1,17,0,9,1,22,27,10,10,0,0,0,1,1,0,38,0,0,5,11,2,10.5,0,0,5,9,3,11.333333333333334,1,7.6,2.6,0.32,Enrolled
1,1,1,12,1,1,1,23,14,32,44,1,0,0,1,1,0,21,0,0,7,9,6,12.565,0,0,8,12,5,12.16,0,11.1,0.6,2.02,Enrolled
1,8,1,14,1,1,1,22,28,4,4,0,0,1,1,1,0,19,0,0,6,7,6,13.166666666666666,0,0,6,9,5,13.2,0,8.9,1.4,3.51,Enrolled
1,12,1,11,1,9,1,22,27,6,8,1,0,0,1,1,0,25,0,0,6,7,6,11.166666666666666,0,0,6,11,4,11.8,0,9.4,-0.8,-3.12,Enrolled
1,1,4,5,1,1,1,4,14,3,11,1,0,0,1,1,0,19,0,0,6,7,6,12.666666666666666,0,0,6,8,6,12.142857142857142,0,9.4,-0.8,-3.12,Enrolled
2,12,1,12,1,12,1,13,14,5,5,0,0,0,1,1,0,33,0,0,7,7,5,13.06,0,0,7,9,0,0.0,0,16.2,0.3,-0.92,Enrolled
1,1,2,7,1,1,1,13,14,10,10,1,0,0,1,1,0,18,0,0,5,5,0,0.0,0,0,5,5,0,0.0,0,9.4,-0.8,-3.12,Enrolled
1,8,6,9,1,1,1,22,28,10,10,1,0,1,0,1,0,19,0,0,5,8,4,12.5,0,0,5,9,5,10.5,0,8.9,1.4,3.51,Enrolled
1,1,3,9,1,1,1,1,1,6,4,1,0,0,1,1,0,19,0,0,5,6,0,0.0,0,0,5,6,0,0.0,0,7.6,2.6,0.32,Enrolled
1,8,3,12,1,1,1,3,1,3,8,1,0,0,1,1,0,18,0,0,8,8,7,13.154285714285717,0,0,8,8,7,13.154285714285717,0,10.8,1.4,1.74,Enrolled
1,1,1,8,1,1,1,2,3,10,2,0,0,0,1,1,0,19,0,0,5,14,2,11.5,2,0,5,8,5,11.4,3,9.4,-0.8,-3.12,Enrolled
1,15,1,4,1,14,1,13,1,2,2,0,0,0,1,1,0,22,0,0,6,12,3,13.333333333333334,0,0,6,12,3,12.75,0,15.5,2.8,-4.06,Enrolled
1,8,3,7,1,1,1,1,14,20,44,1,0,0,1,1,0,18,0,0,5,7,5,11.8,0,0,5,9,3,12.0,0,8.9,1.4,3.51,Enrolled
1,14,1,2,1,1,1,13,14,10,5,0,0,0,1,1,0,22,0,0,0,0,0,0.0,0,0,0,0,0,0.0,0,13.9,-0.3,0.79,Enrolled
1,1,1,2,1,1,1,1,27,10,10,0,0,1,1,1,0,19,0,0,0,0,0,0.0,0,0,0,0,0,0.0,0,15.5,2.8,-4.06,Enrolled
1,15,1,7,1,14,1,23,14,10,6,1,0,0,1,1,0,19,0,0,5,9,2,12.5,0,0,5,10,3,11.6,0,12.4,0.5,1.79,Enrolled
1,6,1,7,1,1,14,2,2,3,3,0,0,1,1,1,0,24,1,2,8,8,7,13.142857142857142,0,1,6,8,6,11.833333333333334,0,8.9,1.4,3.51,Enrolled
1,1,1,7,1,1,1,13,14,10,9,0,0,0,0,1,1,18,0,0,5,6,5,15.0,0,0,5,6,5,14.2,0,8.9,1.4,3.51,Enrolled
1,1,1,10,1,1,1,13,28,8,6,0,0,0,1,0,0,20,0,0,6,13,1,10.0,0,0,6,13,1,13.0,0,9.4,-0.8,-3.12,Enrolled
1,1,6,15,1,1,1,1,14,5,5,1,0,0,1,0,1,18,0,0,6,6,6,12.166666666666666,0,0,6,10,5,11.2,0,7.6,2.6,0.32,Enrolled
1,15,1,10,1,14,1,22,14,29,15,1,0,1,1,0,0,21,0,3,6,8,3,12.0,0,2,6,6,2,12.5,0,12.4,0.5,1.79,Enrolled
4,12,1,16,1,12,1,23,14,10,10,0,0,1,0,0,0,33,0,0,7,7,7,12.857142857142858,0,0,7,8,6,12.666666666666666,0,8.9,1.4,3.51,Enrolled
1,12,1,6,1,1,1,3,3,5,3,1,0,0,1,0,0,26,0,0,6,11,3,11.75,0,0,6,19,4,12.8,0,12.4,0.5,1.79,Enrolled
1,14,1,14,1,14,1,13,3,8,11,0,0,0,1,0,0,21,0,0,6,8,5,11.833333333333334,0,0,6,8,4,13.25,2,16.2,0.3,-0.92,Enrolled
1,15,1,6,1,14,1,1,14,10,10,1,0,0,1,0,0,20,0,1,6,13,6,12.555555555555555,0,1,6,11,5,11.8,0,16.2,0.3,-0.92,Enrolled
1,15,1,6,1,14,1,23,1,6,6,0,0,0,1,0,0,20,0,0,5,10,2,14.5,1,0,5,7,4,11.25,0,12.7,3.7,-1.7,Enrolled
1,12,1,4,1,12,1,22,27,10,5,0,0,0,1,1,0,43,0,0,6,8,6,12.875,0,0,6,14,5,12.142857142857142,0,16.2,0.3,-0.92,Enrolled
5,12,1,9,1,1,1,13,14,10,10,0,0,0,1,1,0,26,0,0,5,9,5,12.0,0,0,5,5,5,10.2,0,11.1,0.6,2.02,Enrolled
1,14,1,8,1,1,1,1,1,2,2,1,0,0,1,1,0,33,0,0,5,12,1,13.0,2,0,5,7,3,14.0,0,9.4,-0.8,-3.12,Enrolled
1,8,1,11,1,1,1,1,1,5,11,0,0,0,1,1,0,19,0,0,6,7,5,10.8,0,0,6,10,2,10.5,0,10.8,1.4,1.74,Enrolled
1,8,3,5,1,1,1,23,27,6,6,1,0,0,1,1,0,18,0,0,6,6,6,12.833333333333334,0,0,6,8,5,11.4,0,15.5,2.8,-4.06,Enrolled
1,1,1,9,1,1,1,19,24,13,13,0,0,1,1,1,1,21,0,0,5,5,5,12.6,0,0,5,9,3,12.833333333333334,0,10.8,1.4,1.74,Enrolled
1,1,2,9,1,1,1,22,1,6,4,1,0,0,1,1,0,20,0,0,5,9,2,14.333333333333334,0,0,5,10,2,12.5,0,7.6,2.6,0.32,Enrolled
1,15,1,4,1,1,1,1,3,22,21,0,0,0,1,1,0,19,0,0,6,17,1,11.0,0,0,6,19,0,0.0,0,16.2,0.3,-0.92,Enrolled
1,12,1,7,1,1,1,13,27,10,10,0,0,0,1,1,1,24,0,0,5,8,5,11.833333333333334,0,0,5,8,4,14.0,0,12.7,3.7,-1.7,Enrolled
1,1,1,11,1,1,1,3,1,3,5,0,0,0,1,1,0,21,0,0,6,10,5,11.333333333333334,0,0,6,14,2,11.5,0,12.7,3.7,-1.7,Enrolled
1,12,1,7,1,1,1,22,14,10,4,0,0,0,1,1,1,28,0,0,5,16,3,14.333333333333334,0,0,5,9,5,12.428571428571429,0,9.4,-0.8,-3.12,Enrolled
1,16,1,6,1,15,1,3,3,5,3,0,0,0,1,0,0,28,0,0,6,8,6,14.428571428571429,0,0,6,12,4,15.6,0,11.1,0.6,2.02,Enrolled
1,15,1,6,1,1,1,1,1,5,4,1,0,0,1,0,0,20,0,0,6,13,5,11.8,0,0,6,19,4,12.0,0,12.4,0.5,1.79,Enrolled
1,1,3,16,1,1,1,3,3,3,3,1,0,0,1,0,0,23,0,0,6,8,5,13.6,0,0,6,8,5,11.6,0,7.6,2.6,0.32,Enrolled
1,15,1,6,1,14,1,1,1,5,5,1,0,0,1,0,0,23,0,1,6,12,4,13.4,0,1,6,17,2,13.5,0,12.4,0.5,1.79,Enrolled
1,14,1,13,1,1,1,2,3,4,3,0,0,0,1,0,0,25,0,2,7,10,3,13.0,0,1,8,10,3,11.666666666666666,4,10.8,1.4,1.74,Enrolled
1,1,2,12,1,1,1,1,14,5,5,1,0,0,1,0,1,19,0,0,7,9,5,13.34,0,0,7,9,6,12.385714285714286,0,12.4,0.5,1.79,Enrolled
1,15,1,4,1,14,1,1,28,5,10,0,0,0,1,1,1,20,0,0,6,18,3,12.0,0,0,6,17,3,11.666666666666666,0,15.5,2.8,-4.06,Enrolled
1,15,1,4,1,14,1,3,1,5,7,0,0,0,1,1,0,19,0,0,6,8,5,11.5,0,0,6,11,6,11.333333333333334,0,12.4,0.5,1.79,Enrolled
1,14,1,12,1,1,1,22,27,10,8,1,0,0,1,0,1,18,0,0,7,8,5,12.86,0,0,7,8,5,12.86,0,7.6,2.6,0.32,Enrolled
1,1,3,12,1,1,1,13,3,4,3,1,0,0,1,0,0,18,0,0,7,8,7,12.59125,0,0,8,11,7,12.820000000000002,0,15.5,2.8,-4.06,Enrolled
1,15,1,4,1,14,1,4,4,5,3,1,0,0,1,1,0,22,0,0,6,13,5,13.0,0,0,6,13,2,11.5,0,12.4,0.5,1.79,Enrolled
1,1,1,7,1,1,1,1,28,5,4,1,0,0,1,1,0,18,0,0,5,5,0,0.0,0,0,5,6,1,15.0,0,10.8,1.4,1.74,Enrolled
1,8,1,14,1,1,1,22,27,10,10,1,0,0,1,1,0,19,0,0,6,7,5,13.2,0,0,6,10,5,13.25,0,10.8,1.4,1.74,Enrolled
1,14,1,5,1,1,1,22,27,10,10,1,0,0,1,1,0,34,0,7,12,12,7,11.428571428571429,0,4,12,12,7,11.857142857142858,0,7.6,2.6,0.32,Enrolled
1,1,1,11,1,1,1,22,27,10,10,0,0,0,1,1,1,19,0,0,6,7,6,11.166666666666666,0,0,6,12,3,11.666666666666666,0,10.8,1.4,1.74,Enrolled
1,1,1,10,1,1,1,13,28,8,8,0,0,0,1,1,0,20,0,0,6,12,4,11.75,0,0,6,13,3,11.333333333333334,0,15.5,2.8,-4.06,Enrolled
1,1,1,11,1,1,1,13,14,8,9,1,0,0,1,0,1,20,0,0,6,6,6,14.5,0,0,6,7,5,15.0,0,12.4,0.5,1.79,Enrolled
1,1,1,10,1,1,1,13,28,10,10,0,1,0,1,0,1,19,0,0,6,12,4,10.4,0,0,6,11,4,10.75,0,12.4,0.5,1.79,Enrolled
1,9,1,16,1,1,1,1,14,20,41,1,0,1,1,0,0,21,0,0,7,7,7,13.0,0,0,7,8,6,12.5,0,8.9,1.4,3.51,Enrolled
1,1,4,14,1,1,1,1,1,10,10,1,0,0,1,0,0,18,0,0,6,6,6,14.166666666666666,0,0,6,7,6,13.428571428571429,0,8.9,1.4,3.51,Enrolled
1,1,6,12,1,1,14,1,1,10,7,1,0,0,1,0,0,21,1,0,7,11,4,13.25,0,0,7,9,5,13.82,0,11.1,0.6,2.02,Enrolled
1,8,5,5,1,1,1,13,1,6,6,1,0,0,1,1,0,22,0,0,6,6,1,11.0,0,0,6,6,0,0.0,0,9.4,-0.8,-3.12,Enrolled
2,4,1,9,1,3,1,22,27,10,10,0,0,0,1,0,0,33,0,3,8,9,5,12.6,2,2,7,13,5,11.25,0,10.8,1.4,1.74,Enrolled
1,8,3,11,1,1,1,22,27,10,7,1,0,0,1,0,1,20,0,0,6,11,4,11.5,0,0,6,12,3,11.0,0,7.6,2.6,0.32,Enrolled
2,12,1,9,1,1,1,22,27,7,11,0,0,0,1,0,0,35,0,0,5,6,4,14.2,0,0,5,10,4,11.857142857142858,0,10.8,1.4,1.74,Enrolled
1,1,1,10,1,1,1,3,28,2,6,1,0,0,1,0,0,22,0,0,6,11,4,12.5,1,0,6,13,3,13.666666666666666,0,9.4,-0.8,-3.12,Enrolled
1,8,1,15,1,1,1,13,14,5,5,1,0,0,1,0,0,20,0,0,6,9,6,11.666666666666666,0,0,6,8,5,11.6,0,7.6,2.6,0.32,Enrolled
1,1,1,14,1,1,1,22,27,11,7,1,0,0,1,0,0,20,0,0,5,6,3,13.0,0,0,5,7,3,13.0,1,7.6,2.6,0.32,Enrolled
1,1,1,2,1,1,1,13,14,6,5,1,0,1,1,1,0,21,0,6,12,12,11,11.545454545454543,0,4,11,18,9,11.7,1,8.9,1.4,3.51,Enrolled
1,14,1,9,1,1,11,1,5,10,11,1,0,0,1,1,0,23,1,0,5,6,1,10.0,0,0,5,5,0,0.0,0,15.5,2.8,-4.06,Enrolled
1,12,1,4,1,1,1,13,14,10,7,1,0,0,1,0,0,24,0,0,6,10,5,11.8,0,0,6,13,4,11.25,0,12.4,0.5,1.79,Enrolled
1,1,1,9,1,1,1,13,14,10,10,0,0,1,1,0,0,19,0,0,5,13,1,10.0,0,0,5,8,2,10.0,0,12.4,0.5,1.79,Enrolled
1,1,1,11,1,1,1,23,27,6,6,0,0,0,1,0,0,19,0,0,6,12,4,11.0,0,0,6,6,4,12.5,0,16.2,0.3,-0.92,Enrolled
1,1,3,11,1,1,1,13,14,10,10,1,0,0,1,0,0,22,0,0,6,10,4,10.0,0,0,6,12,2,13.5,0,9.4,-0.8,-3.12,Enrolled
2,12,1,9,1,1,1,22,27,6,6,0,0,0,1,0,0,36,0,0,5,8,3,11.0,0,0,5,12,4,13.375,0,10.8,1.4,1.74,Enrolled
1,1,1,12,1,1,1,1,14,10,10,0,0,0,1,0,1,20,0,0,7,14,0,0.0,0,0,7,15,0,0.0,0,11.1,0.6,2.02,Enrolled
4,12,1,15,1,13,1,13,14,8,10,0,0,0,1,0,0,40,0,0,6,8,5,13.0,0,0,6,7,5,12.6,0,16.2,0.3,-0.92,Enrolled
1,3,1,9,1,1,1,13,28,6,7,1,0,0,1,0,0,19,0,0,5,15,3,10.8,0,0,5,6,3,10.5,0,13.9,-0.3,0.79,Enrolled
1,6,1,13,1,1,12,3,14,14,29,0,0,0,1,0,0,20,1,0,7,14,0,0.0,6,0,7,12,2,11.666666666666666,0,8.9,1.4,3.51,Enrolled
4,1,1,17,0,1,1,22,27,10,8,0,0,0,1,0,1,38,0,0,5,8,5,11.0,0,0,5,7,5,11.4,0,9.4,-0.8,-3.12,Enrolled
1,1,1,2,1,1,1,13,28,10,9,1,0,0,1,1,1,19,0,6,12,12,12,13.333333333333334,0,4,11,15,10,12.818181818181818,0,8.9,1.4,3.51,Enrolled
1,8,1,10,1,1,1,22,27,10,10,1,0,0,1,0,1,21,0,0,6,8,1,10.0,0,0,6,13,5,11.4,0,12.7,3.7,-1.7,Enrolled
1,8,2,12,1,1,1,2,28,4,9,1,0,0,1,0,0,18,0,0,8,12,7,12.285714285714286,0,0,8,12,7,12.285714285714286,0,12.7,3.7,-1.7,Enrolled
1,14,1,5,1,1,1,2,3,4,3,0,0,0,1,0,0,19,0,1,6,6,5,12.4,0,0,6,8,6,12.75,0,10.8,1.4,1.74,Enrolled
1,13,1,4,1,14,1,13,1,6,6,0,0,0,1,0,0,22,0,0,6,10,6,12.571428571428571,0,0,6,12,4,13.666666666666666,0,15.5,2.8,-4.06,Enrolled
1,8,1,2,1,1,1,1,28,10,10,1,0,1,1,0,0,22,0,12,17,19,12,11.833333333333334,0,10,17,22,11,11.25,0,11.1,0.6,2.02,Enrolled
1,14,1,3,0,1,1,23,14,6,5,0,0,0,1,0,0,20,0,2,6,6,6,12.166666666666666,0,0,6,7,5,14.0,0,12.7,3.7,-1.7,Enrolled
2,12,1,10,1,12,1,1,2,5,7,0,0,0,1,0,0,31,0,0,6,6,6,13.166666666666666,0,0,6,8,6,13.0,0,9.4,-0.8,-3.12,Enrolled
1,1,2,14,1,1,1,22,27,10,8,1,0,0,1,0,1,18,0,0,6,8,6,13.571428571428571,0,0,6,6,5,12.8,0,12.4,0.5,1.79,Enrolled
1,1,1,6,1,1,1,22,27,10,7,0,0,1,1,0,0,21,0,0,5,9,2,11.5,0,0,5,13,4,11.0,1,10.8,1.4,1.74,Enrolled
1,8,3,11,1,1,1,22,14,6,6,1,0,0,1,0,0,19,0,0,6,8,4,11.25,0,0,6,8,4,12.0,0,10.8,1.4,1.74,Enrolled
1,12,1,12,1,1,1,23,27,6,8,1,0,0,1,0,1,25,0,0,8,11,7,13.29,3,0,8,11,7,13.29,3,9.4,-0.8,-3.12,Enrolled
2,14,1,17,0,1,1,22,27,4,11,0,0,0,1,0,0,33,0,8,10,15,8,10.375,0,7,10,13,9,10.444444444444445,0,7.6,2.6,0.32,Enrolled
1,14,1,13,1,1,1,1,1,5,9,1,1,0,1,0,0,20,0,1,7,9,7,12.333333333333334,0,0,8,8,8,12.625,0,12.7,3.7,-1.7,Enrolled
1,1,2,9,1,1,1,1,14,5,10,1,0,0,1,0,0,19,0,0,5,5,5,11.2,0,0,5,11,4,11.75,0,10.8,1.4,1.74,Enrolled
1,1,3,5,1,1,1,13,14,4,4,1,0,0,1,0,0,20,0,0,6,6,6,11.833333333333334,0,0,6,6,3,13.333333333333334,0,9.4,-0.8,-3.12,Enrolled
1,1,1,6,1,1,1,23,27,4,10,1,0,0,0,0,0,18,0,0,6,7,6,14.833333333333334,0,0,6,8,6,12.5,0,8.9,1.4,3.51,Enrolled
1,1,1,6,1,1,1,22,14,10,6,1,0,0,1,0,1,19,0,0,5,10,2,13.5,0,0,5,11,5,11.4,1,10.8,1.4,1.74,Enrolled
1,14,1,12,1,1,1,23,14,6,6,1,0,0,1,0,1,24,0,0,8,8,7,11.971428571428572,0,0,8,8,7,11.971428571428572,0,12.7,3.7,-1.7,Enrolled
1,1,3,6,1,1,1,23,14,10,6,0,0,0,1,0,0,19,0,0,5,7,3,12.0,0,0,5,7,4,13.5,0,7.6,2.6,0.32,Enrolled
1,15,1,6,1,14,1,3,28,3,10,1,0,0,1,0,0,21,0,7,12,18,8,12.25,0,4,12,27,8,12.2,0,12.4,0.5,1.79,Enrolled
1,1,1,11,1,1,1,22,27,8,8,0,0,0,1,0,0,18,0,0,6,10,5,12.2,0,0,6,10,5,11.6,0,16.2,0.3,-0.92,Enrolled
1,12,1,13,1,1,1,13,28,10,9,0,0,0,1,0,0,24,0,0,7,15,5,12.4,0,0,8,14,7,12.15,0,12.4,0.5,1.79,Enrolled
1,14,1,13,1,1,1,23,28,8,9,1,0,0,1,0,0,22,0,0,7,14,6,10.744444444444444,1,0,8,10,8,11.8375,0,12.7,3.7,-1.7,Enrolled
4,12,1,6,1,1,1,22,27,10,10,0,0,0,0,0,1,44,0,0,6,12,4,12.75,0,0,6,15,2,10.0,0,8.9,1.4,3.51,Enrolled
1,1,1,9,1,1,1,22,27,10,10,1,0,0,1,0,0,20,0,0,5,9,2,10.0,0,0,5,10,2,11.0,0,7.6,2.6,0.32,Enrolled
1,1,1,2,1,1,1,13,4,10,3,1,0,1,1,0,0,19,0,0,0,0,0,0.0,0,0,0,0,0,0.0,0,12.7,3.7,-1.7,Enrolled
1,1,3,12,1,1,1,22,27,10,10,1,0,0,1,0,1,18,0,0,8,8,7,13.242857142857144,0,0,8,8,7,13.242857142857144,0,12.7,3.7,-1.7,Enrolled
1,8,2,11,1,1,9,13,27,10,10,1,0,0,0,0,0,18,1,0,6,7,5,12.6,0,0,6,6,5,11.8,0,11.1,0.6,2.02,Enrolled
1,9,1,17,0,1,1,23,28,6,6,0,0,0,1,0,1,21,0,0,5,6,4,12.25,0,0,5,8,4,11.8,0,10.8,1.4,1.74,Enrolled
1,9,5,16,1,1,1,13,27,8,8,1,0,0,1,0,0,20,0,0,6,10,4,12.75,0,0,6,14,3,11.333333333333334,0,10.8,1.4,1.74,Enrolled
1,1,1,10,1,1,1,23,28,5,8,1,0,0,1,0,1,18,0,0,6,14,0,0.0,0,0,6,9,4,11.0,0,7.6,2.6,0.32,Enrolled
1,14,2,9,1,1,1,13,27,6,10,1,0,0,1,0,0,18,0,0,5,10,1,14.0,0,0,5,10,1,14.0,0,7.6,2.6,0.32,Enrolled
1,12,1,6,1,1,1,22,27,10,10,1,0,1,1,0,0,27,0,0,6,11,6,12.125,0,0,6,16,5,12.0,0,12.4,0.5,1.79,Enrolled
1,8,1,16,1,1,1,23,27,6,8,1,0,1,1,0,0,18,0,0,6,12,4,13.5,0,0,6,14,3,10.666666666666666,0,10.8,1.4,1.74,Enrolled
1,1,1,17,0,1,1,13,27,10,10,1,0,0,1,0,0,20,0,0,5,10,0,0.0,0,0,5,10,0,0.0,3,7.6,2.6,0.32,Enrolled
1,8,2,6,1,1,1,22,27,10,8,1,0,0,1,0,0,19,0,0,5,15,3,14.0,3,0,5,10,4,11.75,1,9.4,-0.8,-3.12,Enrolled
1,15,1,6,1,14,1,1,29,4,10,1,0,0,1,0,0,20,0,1,6,9,6,12.666666666666666,0,1,6,10,4,11.5,0,13.9,-0.3,0.79,Enrolled
1,8,2,16,1,1,1,22,27,6,7,1,0,0,1,0,0,22,0,0,6,9,4,12.25,0,0,6,8,5,11.6,0,10.8,1.4,1.74,Enrolled
1,3,1,16,1,1,1,1,28,6,9,1,0,0,1,0,0,22,0,0,6,11,3,15.0,0,0,6,11,4,10.25,0,9.4,-0.8,-3.12,Enrolled
1,8,1,2,1,1,1,1,1,8,4,1,0,0,1,0,0,20,0,0,0,0,0,0.0,0,0,0,0,0,0.0,0,15.5,2.8,-4.06,Enrolled
1,8,3,15,1,1,1,1,14,6,8,0,0,0,1,0,0,18,0,0,6,6,6,13.5,0,0,6,6,6,13.333333333333334,0,12.4,0.5,1.79,Enrolled
2,12,1,3,0,1,1,22,27,6,5,0,0,0,1,0,0,45,0,0,6,8,5,13.6,0,0,6,7,5,13.0,0,15.5,2.8,-4.06,Enrolled
1,12,1,17,0,1,1,23,14,10,6,0,0,1,1,0,0,25,0,0,5,10,4,11.25,0,0,5,9,4,12.0,0,12.7,3.7,-1.7,Enrolled
1,1,2,9,1,1,1,23,28,10,6,1,0,0,1,1,0,20,0,0,5,12,3,10.5,0,0,5,10,4,11.25,0,12.4,0.5,1.79,Enrolled
1,1,3,10,1,1,1,1,1,10,10,1,0,0,1,1,0,22,0,0,6,6,4,11.25,0,0,6,7,3,11.0,0,8.9,1.4,3.51,Enrolled
1,1,4,12,1,1,1,13,27,8,8,1,0,0,1,1,0,20,0,0,7,7,6,13.016666666666666,0,0,7,7,6,13.016666666666666,0,7.6,2.6,0.32,Enrolled
1,1,1,5,1,1,1,4,29,3,3,1,0,0,1,0,0,18,0,1,6,10,6,11.714285714285714,1,0,6,15,6,10.375,0,13.9,-0.3,0.79,Enrolled
1,8,5,14,1,1,1,1,14,6,6,0,0,0,1,0,0,21,0,0,5,7,3,12.666666666666666,0,0,5,6,4,12.75,1,7.6,2.6,0.32,Enrolled
1,15,1,2,1,14,1,1,1,10,10,0,0,0,1,1,0,21,0,0,0,0,0,0.0,0,0,0,0,0,0.0,0,15.5,2.8,-4.06,Enrolled
1,8,2,5,1,1,1,3,1,3,5,1,0,0,1,1,0,18,0,0,6,6,6,13.0,0,0,6,8,1,10.0,0,10.8,1.4,1.74,Enrolled
1,8,2,6,1,1,1,3,14,3,10,0,0,0,1,1,0,18,0,0,5,5,3,14.0,0,0,5,7,3,12.666666666666666,0,7.6,2.6,0.32,Enrolled
1,1,1,11,1,1,1,22,14,10,10,1,0,0,1,1,0,25,0,0,6,8,6,13.166666666666666,0,0,6,8,5,12.6,0,7.6,2.6,0.32,Enrolled
1,8,1,7,1,1,1,22,1,10,3,1,0,0,1,1,0,18,0,0,5,10,4,13.0,0,0,5,10,3,12.333333333333334,3,7.6,2.6,0.32,Enrolled
1,1,1,6,1,1,1,3,1,5,10,1,0,0,1,1,0,21,0,0,6,15,3,11.25,0,0,6,9,0,0.0,0,12.4,0.5,1.79,Enrolled
1,12,2,13,1,1,1,22,14,10,9,0,0,0,1,1,1,24,0,0,7,13,6,10.857142857142858,0,0,7,7,7,11.857142857142858,0,12.7,3.7,-1.7,Enrolled
1,1,5,9,1,1,1,3,2,3,3,0,0,0,1,1,0,22,0,1,5,10,4,11.75,0,0,5,10,3,11.0,0,7.6,2.6,0.32,Enrolled
1,12,1,4,1,1,1,23,14,10,7,1,0,0,1,1,0,28,0,7,13,19,8,11.625,0,5,10,17,6,11.0,0,15.5,2.8,-4.06,Enrolled
1,1,6,7,1,1,1,2,1,4,6,1,0,0,1,1,0,18,0,0,5,10,0,0.0,0,0,5,10,1,10.0,3,7.6,2.6,0.32,Enrolled
1,6,1,9,1,1,12,1,1,10,8,0,0,1,1,1,0,21,1,0,5,9,3,12.333333333333334,0,0,5,8,4,11.25,0,8.9,1.4,3.51,Enrolled
4,12,1,17,0,1,1,13,14,8,9,0,0,0,1,0,0,28,0,0,5,8,4,11.5,0,0,5,7,4,12.0,0,10.8,1.4,1.74,Enrolled
1,1,1,9,1,1,1,1,1,5,7,1,0,0,1,0,0,21,0,0,5,9,3,10.666666666666666,0,0,5,13,2,12.5,0,7.6,2.6,0.32,Enrolled
1,1,2,15,1,1,1,22,27,10,8,1,0,0,1,0,0,20,0,0,6,12,1,17.0,0,0,6,12,1,17.0,0,9.4,-0.8,-3.12,Enrolled
1,1,1,14,1,1,1,22,27,10,7,0,0,0,1,0,1,18,0,0,5,7,3,12.666666666666666,0,0,5,5,4,12.5,0,9.4,-0.8,-3.12,Enrolled
1,8,2,12,1,1,1,1,1,6,11,1,0,0,1,0,0,18,0,0,7,9,5,14.06,0,0,7,9,6,12.571428571428571,0,12.4,0.5,1.79,Enrolled
4,12,1,17,0,1,1,22,28,10,10,0,0,0,1,0,0,30,0,0,5,11,3,10.333333333333334,0,0,5,10,4,12.8,0,12.4,0.5,1.79,Enrolled
1,8,1,10,1,1,1,22,27,10,10,1,0,0,1,0,0,18,0,0,6,9,4,11.5,0,0,6,10,4,10.75,0,7.6,2.6,0.32,Enrolled
1,1,1,12,1,1,1,2,2,4,4,1,0,0,1,1,0,18,0,0,7,8,6,11.833333333333334,0,0,7,8,6,11.833333333333334,0,7.6,2.6,0.32,Enrolled
1,1,1,10,1,1,1,22,27,8,10,0,0,0,1,0,0,19,0,0,6,12,2,13.0,0,0,6,9,6,10.833333333333334,0,7.6,2.6,0.32,Enrolled
1,1,2,10,1,1,1,1,14,5,9,0,0,0,1,0,0,20,0,0,6,13,0,0.0,0,0,5,11,0,0.0,0,9.4,-0.8,-3.12,Enrolled
2,4,1,12,1,3,1,22,27,10,6,0,0,0,1,0,0,32,0,0,7,9,7,13.761111111111113,0,1,8,11,7,12.06375,0,15.5,2.8,-4.06,Enrolled
1,1,1,9,1,1,1,22,1,5,11,0,0,0,1,0,0,18,0,0,5,6,4,11.25,0,0,5,8,5,11.0,0,10.8,1.4,1.74,Enrolled
1,3,4,16,1,1,1,3,28,4,9,1,0,0,1,0,0,21,0,0,6,9,5,12.6,0,0,6,9,3,11.666666666666666,0,9.4,-0.8,-3.12,Enrolled
1,9,2,16,1,1,1,1,14,4,10,1,0,0,1,1,0,18,0,0,6,7,5,12.6,0,0,6,6,6,13.0,0,10.8,1.4,1.74,Enrolled
1,1,1,5,1,1,1,1,28,6,8,1,0,0,1,1,0,20,0,0,6,6,4,12.0,0,0,6,8,2,11.333333333333334,0,10.8,1.4,1.74,Enrolled
1,14,1,5,1,1,1,13,14,8,9,1,0,0,1,1,1,19,0,4,6,6,4,13.0,0,2,6,7,5,12.2,0,13.9,-0.3,0.79,Enrolled
1,14,1,1,1,1,1,22,1,10,11,1,0,0,1,1,0,25,0,5,10,13,5,11.6,0,2,8,10,2,13.0,0,12.4,0.5,1.79,Enrolled
